datetime,parameter,value
2026-06-10T00:00Z,pm10,390.2
2026-06-10T00:00Z,pm25,84.8
2026-06-10T00:00Z,co,251.0
2026-06-10T00:00Z,no2,35.1
2026-06-10T00:00Z,so2,20.2
2026-06-10T00:00Z,o3,36.0
2026-06-10T01:00Z,pm10,504.8
2026-06-10T01:00Z,pm25,95.0
2026-06-10T01:00Z,co,258.0
2026-06-10T01:00Z,no2,30.3
2026-06-10T01:00Z,so2,18.8
2026-06-10T01:00Z,o3,45.0
2026-06-10T02:00Z,pm10,499.2
2026-06-10T02:00Z,pm25,104.5
2026-06-10T02:00Z,co,308.0
2026-06-10T02:00Z,no2,23.5
2026-06-10T02:00Z,so2,16.8
2026-06-10T02:00Z,o3,60.0
2026-06-10T03:00Z,pm10,668.7
2026-06-10T03:00Z,pm25,121.1
2026-06-10T03:00Z,co,333.0
2026-06-10T03:00Z,no2,17.4
2026-06-10T03:00Z,so2,15.3
2026-06-10T03:00Z,o3,78.0
2026-06-10T04:00Z,pm10,739.5
2026-06-10T04:00Z,pm25,131.3
2026-06-10T04:00Z,co,293.0
2026-06-10T04:00Z,no2,12.7
2026-06-10T04:00Z,so2,15.1
2026-06-10T04:00Z,o3,106.0
2026-06-10T05:00Z,pm10,886.6
2026-06-10T05:00Z,pm25,149.0
2026-06-10T05:00Z,co,228.0
2026-06-10T05:00Z,no2,8.7
2026-06-10T05:00Z,so2,15.4
2026-06-10T05:00Z,o3,138.0
2026-06-10T06:00Z,pm10,1069.2
2026-06-10T06:00Z,pm25,169.0
2026-06-10T06:00Z,co,180.0
2026-06-10T06:00Z,no2,5.8
2026-06-10T06:00Z,so2,15.1
2026-06-10T06:00Z,o3,159.0
2026-06-10T07:00Z,pm10,1173.5
2026-06-10T07:00Z,pm25,178.8
2026-06-10T07:00Z,co,169.0
2026-06-10T07:00Z,no2,4.0
2026-06-10T07:00Z,so2,13.4
2026-06-10T07:00Z,o3,162.0
2026-06-10T08:00Z,pm10,1210.7
2026-06-10T08:00Z,pm25,178.8
2026-06-10T08:00Z,co,177.0
2026-06-10T08:00Z,no2,3.2
2026-06-10T08:00Z,so2,11.2
2026-06-10T08:00Z,o3,155.0
2026-06-10T09:00Z,pm10,1166.0
2026-06-10T09:00Z,pm25,169.0
2026-06-10T09:00Z,co,189.0
2026-06-10T09:00Z,no2,4.0
2026-06-10T09:00Z,so2,9.5
2026-06-10T09:00Z,o3,146.0
2026-06-10T10:00Z,pm10,1020.7
2026-06-10T10:00Z,pm25,152.3
2026-06-10T10:00Z,co,194.0
2026-06-10T10:00Z,no2,5.7
2026-06-10T10:00Z,so2,8.6
2026-06-10T10:00Z,o3,140.0
2026-06-10T11:00Z,pm10,936.9
2026-06-10T11:00Z,pm25,147.1
2026-06-10T11:00Z,co,204.0
2026-06-10T11:00Z,no2,8.9
2026-06-10T11:00Z,so2,8.2
2026-06-10T11:00Z,o3,132.0
2026-06-10T12:00Z,pm10,922.0
2026-06-10T12:00Z,pm25,151.3
2026-06-10T12:00Z,co,244.0
2026-06-10T12:00Z,no2,15.4
2026-06-10T12:00Z,so2,9.3
2026-06-10T12:00Z,o3,123.0
2026-06-10T13:00Z,pm10,843.8
2026-06-10T13:00Z,pm25,145.3
2026-06-10T13:00Z,co,340.0
2026-06-10T13:00Z,no2,24.4
2026-06-10T13:00Z,so2,11.7
2026-06-10T13:00Z,o3,105.0
2026-06-10T14:00Z,pm10,733.9
2026-06-10T14:00Z,pm25,143.4
2026-06-10T14:00Z,co,467.0
2026-06-10T14:00Z,no2,36.7
2026-06-10T14:00Z,so2,15.2
2026-06-10T14:00Z,o3,81.0
2026-06-10T15:00Z,pm10,577.4
2026-06-10T15:00Z,pm25,134.1
2026-06-10T15:00Z,co,572.0
2026-06-10T15:00Z,no2,45.2
2026-06-10T15:00Z,so2,18.9
2026-06-10T15:00Z,o3,65.0
2026-06-10T16:00Z,pm10,448.9
2026-06-10T16:00Z,pm25,125.7
2026-06-10T16:00Z,co,639.0
2026-06-10T16:00Z,no2,46.5
2026-06-10T16:00Z,so2,23.1
2026-06-10T16:00Z,o3,66.0
2026-06-10T17:00Z,pm10,486.2
2026-06-10T17:00Z,pm25,135.0
2026-06-10T17:00Z,co,685.0
2026-06-10T17:00Z,no2,44.1
2026-06-10T17:00Z,so2,27.4
2026-06-10T17:00Z,o3,75.0
2026-06-10T18:00Z,pm10,590.5
2026-06-10T18:00Z,pm25,152.3
2026-06-10T18:00Z,co,710.0
2026-06-10T18:00Z,no2,41.1
2026-06-10T18:00Z,so2,29.8
2026-06-10T18:00Z,o3,81.0
2026-06-10T19:00Z,pm10,650.1
2026-06-10T19:00Z,pm25,161.1
2026-06-10T19:00Z,co,715.0
2026-06-10T19:00Z,no2,38.2
2026-06-10T19:00Z,so2,28.8
2026-06-10T19:00Z,o3,78.0
2026-06-10T20:00Z,pm10,644.5
2026-06-10T20:00Z,pm25,163.4
2026-06-10T20:00Z,co,700.0
2026-06-10T20:00Z,no2,34.8
2026-06-10T20:00Z,so2,26.0
2026-06-10T20:00Z,o3,72.0
2026-06-10T21:00Z,pm10,577.4
2026-06-10T21:00Z,pm25,155.5
2026-06-10T21:00Z,co,660.0
2026-06-10T21:00Z,no2,32.2
2026-06-10T21:00Z,so2,23.7
2026-06-10T21:00Z,o3,65.0
2026-06-10T22:00Z,pm10,480.6
2026-06-10T22:00Z,pm25,142.5
2026-06-10T22:00Z,co,571.0
2026-06-10T22:00Z,no2,31.3
2026-06-10T22:00Z,so2,22.7
2026-06-10T22:00Z,o3,57.0
2026-06-10T23:00Z,pm10,440.5
2026-06-10T23:00Z,pm25,137.8
2026-06-10T23:00Z,co,458.0
2026-06-10T23:00Z,no2,31.3
2026-06-10T23:00Z,so2,22.3
2026-06-10T23:00Z,o3,49.0
2026-06-11T00:00Z,pm10,398.6
2026-06-11T00:00Z,pm25,118.7
2026-06-11T00:00Z,co,394.0
2026-06-11T00:00Z,no2,29.8
2026-06-11T00:00Z,so2,21.4
2026-06-11T00:00Z,o3,52.0
2026-06-11T01:00Z,pm10,525.3
2026-06-11T01:00Z,pm25,136.4
2026-06-11T01:00Z,co,432.0
2026-06-11T01:00Z,no2,28.2
2026-06-11T01:00Z,so2,23.4
2026-06-11T01:00Z,o3,62.0
2026-06-11T02:00Z,pm10,618.4
2026-06-11T02:00Z,pm25,152.3
2026-06-11T02:00Z,co,518.0
2026-06-11T02:00Z,no2,25.8
2026-06-11T02:00Z,so2,26.2
2026-06-11T02:00Z,o3,78.0
2026-06-11T03:00Z,pm10,776.7
2026-06-11T03:00Z,pm25,174.6
2026-06-11T03:00Z,co,564.0
2026-06-11T03:00Z,no2,22.6
2026-06-11T03:00Z,so2,28.1
2026-06-11T03:00Z,o3,100.0
2026-06-11T04:00Z,pm10,940.6
2026-06-11T04:00Z,pm25,197.0
2026-06-11T04:00Z,co,523.0
2026-06-11T04:00Z,no2,17.8
2026-06-11T04:00Z,so2,28.3
2026-06-11T04:00Z,o3,134.0
2026-06-11T05:00Z,pm10,1043.1
2026-06-11T05:00Z,pm25,209.1
2026-06-11T05:00Z,co,443.0
2026-06-11T05:00Z,no2,12.1
2026-06-11T05:00Z,so2,27.7
2026-06-11T05:00Z,o3,174.0
2026-06-11T06:00Z,pm10,1076.6
2026-06-11T06:00Z,pm25,208.6
2026-06-11T06:00Z,co,378.0
2026-06-11T06:00Z,no2,7.9
2026-06-11T06:00Z,so2,26.6
2026-06-11T06:00Z,o3,204.0
2026-06-11T07:00Z,pm10,1121.3
2026-06-11T07:00Z,pm25,209.1
2026-06-11T07:00Z,co,349.0
2026-06-11T07:00Z,no2,5.8
2026-06-11T07:00Z,so2,25.1
2026-06-11T07:00Z,o3,218.0
2026-06-11T08:00Z,pm10,1180.9
2026-06-11T08:00Z,pm25,212.3
2026-06-11T08:00Z,co,335.0
2026-06-11T08:00Z,no2,5.2
2026-06-11T08:00Z,so2,23.2
2026-06-11T08:00Z,o3,221.0
2026-06-11T09:00Z,pm10,1229.3
2026-06-11T09:00Z,pm25,214.2
2026-06-11T09:00Z,co,330.0
2026-06-11T09:00Z,no2,6.0
2026-06-11T09:00Z,so2,21.7
2026-06-11T09:00Z,o3,217.0
2026-06-11T10:00Z,pm10,1259.1
2026-06-11T10:00Z,pm25,214.2
2026-06-11T10:00Z,co,338.0
2026-06-11T10:00Z,no2,8.8
2026-06-11T10:00Z,so2,20.9
2026-06-11T10:00Z,o3,203.0
2026-06-11T11:00Z,pm10,1147.4
2026-06-11T11:00Z,pm25,204.4
2026-06-11T11:00Z,co,355.0
2026-06-11T11:00Z,no2,12.9
2026-06-11T11:00Z,so2,20.6
2026-06-11T11:00Z,o3,182.0
2026-06-11T12:00Z,pm10,1989.3
2026-06-11T12:00Z,pm25,330.6
2026-06-11T12:00Z,co,367.0
2026-06-11T12:00Z,no2,14.2
2026-06-11T12:00Z,so2,19.8
2026-06-11T12:00Z,o3,158.0
2026-06-11T13:00Z,pm10,1587.0
2026-06-11T13:00Z,pm25,285.0
2026-06-11T13:00Z,co,367.0
2026-06-11T13:00Z,no2,15.8
2026-06-11T13:00Z,so2,19.7
2026-06-11T13:00Z,o3,145.0
2026-06-11T14:00Z,pm10,1069.2
2026-06-11T14:00Z,pm25,217.5
2026-06-11T14:00Z,co,362.0
2026-06-11T14:00Z,no2,17.9
2026-06-11T14:00Z,so2,19.5
2026-06-11T14:00Z,o3,128.0
2026-06-11T15:00Z,pm10,517.8
2026-06-11T15:00Z,pm25,140.6
2026-06-11T15:00Z,co,358.0
2026-06-11T15:00Z,no2,18.9
2026-06-11T15:00Z,so2,19.1
2026-06-11T15:00Z,o3,115.0
2026-06-11T16:00Z,pm10,243.1
2026-06-11T16:00Z,pm25,90.1
2026-06-11T16:00Z,co,358.0
2026-06-11T16:00Z,no2,17.9
2026-06-11T16:00Z,so2,18.5
2026-06-11T16:00Z,o3,113.0
2026-06-11T17:00Z,pm10,152.3
2026-06-11T17:00Z,pm25,67.8
2026-06-11T17:00Z,co,358.0
2026-06-11T17:00Z,no2,15.8
2026-06-11T17:00Z,so2,17.8
2026-06-11T17:00Z,o3,116.0
2026-06-11T18:00Z,pm10,601.6
2026-06-11T18:00Z,pm25,120.6
2026-06-11T18:00Z,co,357.0
2026-06-11T18:00Z,no2,14.1
2026-06-11T18:00Z,so2,17.0
2026-06-11T18:00Z,o3,117.0
2026-06-11T19:00Z,pm10,665.0
2026-06-11T19:00Z,pm25,132.2
2026-06-11T19:00Z,co,352.0
2026-06-11T19:00Z,no2,13.3
2026-06-11T19:00Z,so2,16.1
2026-06-11T19:00Z,o3,112.0
2026-06-11T20:00Z,pm10,637.0
2026-06-11T20:00Z,pm25,125.7
2026-06-11T20:00Z,co,346.0
2026-06-11T20:00Z,no2,12.9
2026-06-11T20:00Z,so2,15.1
2026-06-11T20:00Z,o3,105.0
2026-06-11T21:00Z,pm10,288.7
2026-06-11T21:00Z,pm25,78.2
2026-06-11T21:00Z,co,340.0
2026-06-11T21:00Z,no2,12.7
2026-06-11T21:00Z,so2,14.3
2026-06-11T21:00Z,o3,100.0
2026-06-11T22:00Z,pm10,109.9
2026-06-11T22:00Z,pm25,46.8
2026-06-11T22:00Z,co,330.0
2026-06-11T22:00Z,no2,12.5
2026-06-11T22:00Z,so2,13.6
2026-06-11T22:00Z,o3,98.0
2026-06-11T23:00Z,pm10,181.6
2026-06-11T23:00Z,pm25,51.7
2026-06-11T23:00Z,co,321.0
2026-06-11T23:00Z,no2,12.5
2026-06-11T23:00Z,so2,13.1
2026-06-11T23:00Z,o3,98.0
2026-06-12T00:00Z,pm10,464.7
2026-06-12T00:00Z,pm25,95.7
2026-06-12T00:00Z,co,331.0
2026-06-12T00:00Z,no2,14.8
2026-06-12T00:00Z,so2,13.4
2026-06-12T00:00Z,o3,85.0
2026-06-12T01:00Z,pm10,340.9
2026-06-12T01:00Z,pm25,85.2
2026-06-12T01:00Z,co,384.0
2026-06-12T01:00Z,no2,15.1
2026-06-12T01:00Z,so2,14.5
2026-06-12T01:00Z,o3,92.0
2026-06-12T02:00Z,pm10,161.1
2026-06-12T02:00Z,pm25,61.0
2026-06-12T02:00Z,co,455.0
2026-06-12T02:00Z,no2,15.5
2026-06-12T02:00Z,so2,16.1
2026-06-12T02:00Z,o3,102.0
2026-06-12T03:00Z,pm10,74.5
2026-06-12T03:00Z,pm25,38.5
2026-06-12T03:00Z,co,493.0
2026-06-12T03:00Z,no2,14.8
2026-06-12T03:00Z,so2,17.0
2026-06-12T03:00Z,o3,114.0
2026-06-12T04:00Z,pm10,52.9
2026-06-12T04:00Z,pm25,28.8
2026-06-12T04:00Z,co,464.0
2026-06-12T04:00Z,no2,12.1
2026-06-12T04:00Z,so2,16.7
2026-06-12T04:00Z,o3,130.0
2026-06-12T05:00Z,pm10,150.4
2026-06-12T05:00Z,pm25,46.6
2026-06-12T05:00Z,co,400.0
2026-06-12T05:00Z,no2,8.4
2026-06-12T05:00Z,so2,15.9
2026-06-12T05:00Z,o3,149.0
2026-06-12T06:00Z,pm10,248.7
2026-06-12T06:00Z,pm25,53.4
2026-06-12T06:00Z,co,350.0
2026-06-12T06:00Z,no2,5.7
2026-06-12T06:00Z,so2,15.3
2026-06-12T06:00Z,o3,163.0
2026-06-12T07:00Z,pm10,304.5
2026-06-12T07:00Z,pm25,70.3
2026-06-12T07:00Z,co,328.0
2026-06-12T07:00Z,no2,4.7
2026-06-12T07:00Z,so2,15.1
2026-06-12T07:00Z,o3,168.0
2026-06-12T08:00Z,pm10,489.9
2026-06-12T08:00Z,pm25,83.8
2026-06-12T08:00Z,co,319.0
2026-06-12T08:00Z,no2,4.8
2026-06-12T08:00Z,so2,15.2
2026-06-12T08:00Z,o3,169.0
2026-06-12T09:00Z,pm10,491.7
2026-06-12T09:00Z,pm25,86.1
2026-06-12T09:00Z,co,324.0
2026-06-12T09:00Z,no2,6.0
2026-06-12T09:00Z,so2,16.1
2026-06-12T09:00Z,o3,168.0
2026-06-12T10:00Z,pm10,480.6
2026-06-12T10:00Z,pm25,85.7
2026-06-12T10:00Z,co,352.0
2026-06-12T10:00Z,no2,7.8
2026-06-12T10:00Z,so2,18.3
2026-06-12T10:00Z,o3,169.0
2026-06-12T11:00Z,pm10,488.0
2026-06-12T11:00Z,pm25,87.3
2026-06-12T11:00Z,co,394.0
2026-06-12T11:00Z,no2,10.7
2026-06-12T11:00Z,so2,21.3
2026-06-12T11:00Z,o3,169.0
2026-06-12T12:00Z,pm10,791.6
2026-06-12T12:00Z,pm25,118.7
2026-06-12T12:00Z,co,428.0
2026-06-12T12:00Z,no2,12.8
2026-06-12T12:00Z,so2,14.8
2026-06-12T12:00Z,o3,134.0
2026-06-12T13:00Z,pm10,588.6
2026-06-12T13:00Z,pm25,114.6
2026-06-12T13:00Z,co,437.0
2026-06-12T13:00Z,no2,23.1
2026-06-12T13:00Z,so2,18.2
2026-06-12T13:00Z,o3,112.0
2026-06-12T14:00Z,pm10,462.9
2026-06-12T14:00Z,pm25,109.2
2026-06-12T14:00Z,co,439.0
2026-06-12T14:00Z,no2,37.0
2026-06-12T14:00Z,so2,22.7
2026-06-12T14:00Z,o3,83.0
2026-06-12T15:00Z,pm10,440.5
2026-06-12T15:00Z,pm25,102.2
2026-06-12T15:00Z,co,462.0
2026-06-12T15:00Z,no2,45.2
2026-06-12T15:00Z,so2,25.5
2026-06-12T15:00Z,o3,63.0
2026-06-12T16:00Z,pm10,425.6
2026-06-12T16:00Z,pm25,92.7
2026-06-12T16:00Z,co,541.0
2026-06-12T16:00Z,no2,41.9
2026-06-12T16:00Z,so2,24.8
2026-06-12T16:00Z,o3,63.0
2026-06-12T17:00Z,pm10,457.3
2026-06-12T17:00Z,pm25,93.1
2026-06-12T17:00Z,co,640.0
2026-06-12T17:00Z,no2,32.9
2026-06-12T17:00Z,so2,22.3
2026-06-12T17:00Z,o3,73.0
2026-06-12T18:00Z,pm10,517.8
2026-06-12T18:00Z,pm25,103.6
2026-06-12T18:00Z,co,687.0
2026-06-12T18:00Z,no2,25.8
2026-06-12T18:00Z,so2,20.3
2026-06-12T18:00Z,o3,80.0
2026-06-12T19:00Z,pm10,506.6
2026-06-12T19:00Z,pm25,109.0
2026-06-12T19:00Z,co,628.0
2026-06-12T19:00Z,no2,23.9
2026-06-12T19:00Z,so2,19.7
2026-06-12T19:00Z,o3,79.0
2026-06-12T20:00Z,pm10,423.8
2026-06-12T20:00Z,pm25,104.5
2026-06-12T20:00Z,co,515.0
2026-06-12T20:00Z,no2,23.9
2026-06-12T20:00Z,so2,19.7
2026-06-12T20:00Z,o3,74.0
2026-06-12T21:00Z,pm10,334.3
2026-06-12T21:00Z,pm25,94.3
2026-06-12T21:00Z,co,435.0
2026-06-12T21:00Z,no2,24.4
2026-06-12T21:00Z,so2,19.8
2026-06-12T21:00Z,o3,70.0
2026-06-12T22:00Z,pm10,284.1
2026-06-12T22:00Z,pm25,84.3
2026-06-12T22:00Z,co,419.0
2026-06-12T22:00Z,no2,25.1
2026-06-12T22:00Z,so2,19.7
2026-06-12T22:00Z,o3,65.0
2026-06-12T23:00Z,pm10,245.9
2026-06-12T23:00Z,pm25,76.8
2026-06-12T23:00Z,co,436.0
2026-06-12T23:00Z,no2,26.3
2026-06-12T23:00Z,so2,19.7
2026-06-12T23:00Z,o3,59.0
2026-06-13T00:00Z,pm10,137.8
2026-06-13T00:00Z,pm25,74.3
2026-06-13T00:00Z,co,470.0
2026-06-13T00:00Z,no2,23.1
2026-06-13T00:00Z,so2,28.8
2026-06-13T00:00Z,o3,63.0
2026-06-13T01:00Z,pm10,166.7
2026-06-13T01:00Z,pm25,70.3
2026-06-13T01:00Z,co,540.0
2026-06-13T01:00Z,no2,23.9
2026-06-13T01:00Z,so2,30.4
2026-06-13T01:00Z,o3,70.0
2026-06-13T02:00Z,pm10,229.1
2026-06-13T02:00Z,pm25,72.2
2026-06-13T02:00Z,co,627.0
2026-06-13T02:00Z,no2,25.0
2026-06-13T02:00Z,so2,32.7
2026-06-13T02:00Z,o3,82.0
2026-06-13T03:00Z,pm10,391.2
2026-06-13T03:00Z,pm25,88.5
2026-06-13T03:00Z,co,668.0
2026-06-13T03:00Z,no2,24.5
2026-06-13T03:00Z,so2,34.8
2026-06-13T03:00Z,o3,100.0
2026-06-13T04:00Z,pm10,553.2
2026-06-13T04:00Z,pm25,110.6
2026-06-13T04:00Z,co,615.0
2026-06-13T04:00Z,no2,21.4
2026-06-13T04:00Z,so2,36.9
2026-06-13T04:00Z,o3,129.0
2026-06-13T05:00Z,pm10,609.1
2026-06-13T05:00Z,pm25,124.3
2026-06-13T05:00Z,co,516.0
2026-06-13T05:00Z,no2,16.8
2026-06-13T05:00Z,so2,38.8
2026-06-13T05:00Z,o3,165.0
2026-06-13T06:00Z,pm10,584.9
2026-06-13T06:00Z,pm25,127.6
2026-06-13T06:00Z,co,444.0
2026-06-13T06:00Z,no2,12.8
2026-06-13T06:00Z,so2,39.1
2026-06-13T06:00Z,o3,195.0
2026-06-13T07:00Z,pm10,534.6
2026-06-13T07:00Z,pm25,125.7
2026-06-13T07:00Z,co,436.0
2026-06-13T07:00Z,no2,9.8
2026-06-13T07:00Z,so2,36.8
2026-06-13T07:00Z,o3,217.0
2026-06-13T08:00Z,pm10,474.0
2026-06-13T08:00Z,pm25,120.1
2026-06-13T08:00Z,co,455.0
2026-06-13T08:00Z,no2,7.5
2026-06-13T08:00Z,so2,32.9
2026-06-13T08:00Z,o3,233.0
2026-06-13T09:00Z,pm10,421.9
2026-06-13T09:00Z,pm25,112.2
2026-06-13T09:00Z,co,468.0
2026-06-13T09:00Z,no2,6.5
2026-06-13T09:00Z,so2,29.3
2026-06-13T09:00Z,o3,240.0
2026-06-13T10:00Z,pm10,380.0
2026-06-13T10:00Z,pm25,102.9
2026-06-13T10:00Z,co,447.0
2026-06-13T10:00Z,no2,5.3
2026-06-13T10:00Z,so2,26.0
2026-06-13T10:00Z,o3,236.0
2026-06-13T11:00Z,pm10,339.0
2026-06-13T11:00Z,pm25,95.2
2026-06-13T11:00Z,co,420.0
2026-06-13T11:00Z,no2,5.5
2026-06-13T11:00Z,so2,23.1
2026-06-13T11:00Z,o3,223.0
2026-06-13T12:00Z,pm10,375.3
2026-06-13T12:00Z,pm25,101.7
2026-06-13T12:00Z,co,437.0
2026-06-13T12:00Z,no2,14.7
2026-06-13T12:00Z,so2,31.2
2026-06-13T12:00Z,o3,219.0
2026-06-13T13:00Z,pm10,315.7
2026-06-13T13:00Z,pm25,104.5
2026-06-13T13:00Z,co,532.0
2026-06-13T13:00Z,no2,31.6
2026-06-13T13:00Z,so2,33.4
2026-06-13T13:00Z,o3,182.0
2026-06-13T14:00Z,pm10,317.6
2026-06-13T14:00Z,pm25,112.9
2026-06-13T14:00Z,co,670.0
2026-06-13T14:00Z,no2,55.3
2026-06-13T14:00Z,so2,36.5
2026-06-13T14:00Z,o3,129.0
2026-06-13T15:00Z,pm10,346.5
2026-06-13T15:00Z,pm25,130.4
2026-06-13T15:00Z,co,799.0
2026-06-13T15:00Z,no2,75.7
2026-06-13T15:00Z,so2,39.1
2026-06-13T15:00Z,o3,84.0
2026-06-13T16:00Z,pm10,366.9
2026-06-13T16:00Z,pm25,145.8
2026-06-13T16:00Z,co,901.0
2026-06-13T16:00Z,no2,89.8
2026-06-13T16:00Z,so2,41.1
2026-06-13T16:00Z,o3,54.0
2026-06-13T17:00Z,pm10,378.1
2026-06-13T17:00Z,pm25,151.8
2026-06-13T17:00Z,co,993.0
2026-06-13T17:00Z,no2,100.6
2026-06-13T17:00Z,so2,42.7
2026-06-13T17:00Z,o3,32.0
2026-06-13T18:00Z,pm10,394.9
2026-06-13T18:00Z,pm25,158.3
2026-06-13T18:00Z,co,1074.0
2026-06-13T18:00Z,no2,106.9
2026-06-13T18:00Z,so2,43.2
2026-06-13T18:00Z,o3,16.0
2026-06-13T19:00Z,pm10,396.7
2026-06-13T19:00Z,pm25,161.1
2026-06-13T19:00Z,co,1148.0
2026-06-13T19:00Z,no2,106.9
2026-06-13T19:00Z,so2,42.0
2026-06-13T19:00Z,o3,8.0
2026-06-13T20:00Z,pm10,382.8
2026-06-13T20:00Z,pm25,156.9
2026-06-13T20:00Z,co,1212.0
2026-06-13T20:00Z,no2,102.4
2026-06-13T20:00Z,so2,39.7
2026-06-13T20:00Z,o3,6.0
2026-06-13T21:00Z,pm10,375.3
2026-06-13T21:00Z,pm25,153.7
2026-06-13T21:00Z,co,1255.0
2026-06-13T21:00Z,no2,97.5
2026-06-13T21:00Z,so2,37.5
2026-06-13T21:00Z,o3,5.0
2026-06-13T22:00Z,pm10,362.3
2026-06-13T22:00Z,pm25,151.3
2026-06-13T22:00Z,co,1285.0
2026-06-13T22:00Z,no2,94.9
2026-06-13T22:00Z,so2,35.6
2026-06-13T22:00Z,o3,0.0
2026-06-13T23:00Z,pm10,333.4
2026-06-13T23:00Z,pm25,146.7
2026-06-13T23:00Z,co,1295.0
2026-06-13T23:00Z,no2,91.9
2026-06-13T23:00Z,so2,33.9
2026-06-13T23:00Z,o3,0.0
2026-06-14T00:00Z,pm10,353.0
2026-06-14T00:00Z,pm25,127.1
2026-06-14T00:00Z,co,1254.0
2026-06-14T00:00Z,no2,28.7
2026-06-14T00:00Z,so2,13.8
2026-06-14T00:00Z,o3,49.0
2026-06-14T01:00Z,pm10,328.8
2026-06-14T01:00Z,pm25,125.7
2026-06-14T01:00Z,co,1131.0
2026-06-14T01:00Z,no2,25.5
2026-06-14T01:00Z,so2,16.3
2026-06-14T01:00Z,o3,62.0
2026-06-14T02:00Z,pm10,337.1
2026-06-14T02:00Z,pm25,109.7
2026-06-14T02:00Z,co,958.0
2026-06-14T02:00Z,no2,21.0
2026-06-14T02:00Z,so2,19.8
2026-06-14T02:00Z,o3,81.0
2026-06-14T03:00Z,pm10,369.7
2026-06-14T03:00Z,pm25,95.0
2026-06-14T03:00Z,co,800.0
2026-06-14T03:00Z,no2,16.8
2026-06-14T03:00Z,so2,22.8
2026-06-14T03:00Z,o3,103.0
2026-06-14T04:00Z,pm10,427.5
2026-06-14T04:00Z,pm25,100.8
2026-06-14T04:00Z,co,679.0
2026-06-14T04:00Z,no2,13.4
2026-06-14T04:00Z,so2,25.5
2026-06-14T04:00Z,o3,134.0
2026-06-14T05:00Z,pm10,516.0
2026-06-14T05:00Z,pm25,116.2
2026-06-14T05:00Z,co,574.0
2026-06-14T05:00Z,no2,10.2
2026-06-14T05:00Z,so2,27.6
2026-06-14T05:00Z,o3,168.0
2026-06-14T06:00Z,pm10,506.6
2026-06-14T06:00Z,pm25,115.3
2026-06-14T06:00Z,co,481.0
2026-06-14T06:00Z,no2,7.6
2026-06-14T06:00Z,so2,27.4
2026-06-14T06:00Z,o3,188.0
2026-06-14T07:00Z,pm10,405.1
2026-06-14T07:00Z,pm25,91.0
2026-06-14T07:00Z,co,396.0
2026-06-14T07:00Z,no2,5.4
2026-06-14T07:00Z,so2,22.7
2026-06-14T07:00Z,o3,184.0
2026-06-14T08:00Z,pm10,428.4
2026-06-14T08:00Z,pm25,90.6
2026-06-14T08:00Z,co,324.0
2026-06-14T08:00Z,no2,3.8
2026-06-14T08:00Z,so2,15.6
2026-06-14T08:00Z,o3,166.0
2026-06-14T09:00Z,pm10,367.9
2026-06-14T09:00Z,pm25,84.8
2026-06-14T09:00Z,co,277.0
2026-06-14T09:00Z,no2,3.2
2026-06-14T09:00Z,so2,10.4
2026-06-14T09:00Z,o3,149.0
2026-06-14T10:00Z,pm10,380.0
2026-06-14T10:00Z,pm25,85.0
2026-06-14T10:00Z,co,259.0
2026-06-14T10:00Z,no2,2.5
2026-06-14T10:00Z,so2,8.4
2026-06-14T10:00Z,o3,141.0
2026-06-14T11:00Z,pm10,388.4
2026-06-14T11:00Z,pm25,85.7
2026-06-14T11:00Z,co,266.0
2026-06-14T11:00Z,no2,2.8
2026-06-14T11:00Z,so2,8.2
2026-06-14T11:00Z,o3,133.0
2026-06-14T12:00Z,pm10,362.3
2026-06-14T12:00Z,pm25,78.9
2026-06-14T12:00Z,co,297.0
2026-06-14T12:00Z,no2,8.8
2026-06-14T12:00Z,so2,12.0
2026-06-14T12:00Z,o3,131.0
2026-06-14T13:00Z,pm10,339.0
2026-06-14T13:00Z,pm25,83.6
2026-06-14T13:00Z,co,364.0
2026-06-14T13:00Z,no2,23.2
2026-06-14T13:00Z,so2,17.2
2026-06-14T13:00Z,o3,109.0
2026-06-14T14:00Z,pm10,351.1
2026-06-14T14:00Z,pm25,97.8
2026-06-14T14:00Z,co,455.0
2026-06-14T14:00Z,no2,43.4
2026-06-14T14:00Z,so2,24.5
2026-06-14T14:00Z,o3,77.0
2026-06-14T15:00Z,pm10,382.8
2026-06-14T15:00Z,pm25,114.6
2026-06-14T15:00Z,co,532.0
2026-06-14T15:00Z,no2,61.5
2026-06-14T15:00Z,so2,31.0
2026-06-14T15:00Z,o3,50.0
2026-06-14T16:00Z,pm10,399.5
2026-06-14T16:00Z,pm25,127.6
2026-06-14T16:00Z,co,584.0
2026-06-14T16:00Z,no2,75.5
2026-06-14T16:00Z,so2,36.0
2026-06-14T16:00Z,o3,31.0
2026-06-14T17:00Z,pm10,417.2
2026-06-14T17:00Z,pm25,138.3
2026-06-14T17:00Z,co,622.0
2026-06-14T17:00Z,no2,87.3
2026-06-14T17:00Z,so2,40.2
2026-06-14T17:00Z,o3,16.0
2026-06-14T18:00Z,pm10,444.2
2026-06-14T18:00Z,pm25,148.5
2026-06-14T18:00Z,co,643.0
2026-06-14T18:00Z,no2,94.8
2026-06-14T18:00Z,so2,42.5
2026-06-14T18:00Z,o3,6.0
2026-06-14T19:00Z,pm10,444.2
2026-06-14T19:00Z,pm25,153.7
2026-06-14T19:00Z,co,650.0
2026-06-14T19:00Z,no2,96.2
2026-06-14T19:00Z,so2,41.8
2026-06-14T19:00Z,o3,1.0
2026-06-14T20:00Z,pm10,413.5
2026-06-14T20:00Z,pm25,152.7
2026-06-14T20:00Z,co,640.0
2026-06-14T20:00Z,no2,93.2
2026-06-14T20:00Z,so2,39.3
2026-06-14T20:00Z,o3,0.0
2026-06-14T21:00Z,pm10,380.0
2026-06-14T21:00Z,pm25,145.8
2026-06-14T21:00Z,co,597.0
2026-06-14T21:00Z,no2,89.4
2026-06-14T21:00Z,so2,37.1
2026-06-14T21:00Z,o3,1.0
2026-06-14T22:00Z,pm10,354.8
2026-06-14T22:00Z,pm25,140.6
2026-06-14T22:00Z,co,484.0
2026-06-14T22:00Z,no2,86.1
2026-06-14T22:00Z,so2,35.7
2026-06-14T22:00Z,o3,0.0
2026-06-14T23:00Z,pm10,317.6
2026-06-14T23:00Z,pm25,136.0
2026-06-14T23:00Z,co,339.0
2026-06-14T23:00Z,no2,82.0
2026-06-14T23:00Z,so2,34.7
2026-06-14T23:00Z,o3,0.0
2026-06-15T00:00Z,pm10,294.3
2026-06-15T00:00Z,pm25,88.7
2026-06-15T00:00Z,co,260.0
2026-06-15T00:00Z,no2,30.6
2026-06-15T00:00Z,so2,13.1
2026-06-15T00:00Z,o3,45.0
2026-06-15T01:00Z,pm10,255.2
2026-06-15T01:00Z,pm25,85.4
2026-06-15T01:00Z,co,320.0
2026-06-15T01:00Z,no2,26.9
2026-06-15T01:00Z,so2,13.6
2026-06-15T01:00Z,o3,54.0
2026-06-15T02:00Z,pm10,312.0
2026-06-15T02:00Z,pm25,88.2
2026-06-15T02:00Z,co,445.0
2026-06-15T02:00Z,no2,21.8
2026-06-15T02:00Z,so2,14.3
2026-06-15T02:00Z,o3,68.0
2026-06-15T03:00Z,pm10,258.0
2026-06-15T03:00Z,pm25,78.0
2026-06-15T03:00Z,co,516.0
2026-06-15T03:00Z,no2,16.9
2026-06-15T03:00Z,so2,15.2
2026-06-15T03:00Z,o3,86.0
2026-06-15T04:00Z,pm10,298.0
2026-06-15T04:00Z,pm25,79.2
2026-06-15T04:00Z,co,469.0
2026-06-15T04:00Z,no2,12.7
2026-06-15T04:00Z,so2,16.7
2026-06-15T04:00Z,o3,111.0
2026-06-15T05:00Z,pm10,324.1
2026-06-15T05:00Z,pm25,83.1
2026-06-15T05:00Z,co,367.0
2026-06-15T05:00Z,no2,8.8
2026-06-15T05:00Z,so2,18.4
2026-06-15T05:00Z,o3,139.0
2026-06-15T06:00Z,pm10,321.3
2026-06-15T06:00Z,pm25,83.4
2026-06-15T06:00Z,co,282.0
2026-06-15T06:00Z,no2,6.0
2026-06-15T06:00Z,so2,19.2
2026-06-15T06:00Z,o3,160.0
2026-06-15T07:00Z,pm10,300.8
2026-06-15T07:00Z,pm25,79.2
2026-06-15T07:00Z,co,237.0
2026-06-15T07:00Z,no2,4.5
2026-06-15T07:00Z,so2,18.2
2026-06-15T07:00Z,o3,168.0
2026-06-15T08:00Z,pm10,272.9
2026-06-15T08:00Z,pm25,75.4
2026-06-15T08:00Z,co,209.0
2026-06-15T08:00Z,no2,4.0
2026-06-15T08:00Z,so2,16.2
2026-06-15T08:00Z,o3,169.0
2026-06-15T09:00Z,pm10,267.3
2026-06-15T09:00Z,pm25,73.6
2026-06-15T09:00Z,co,203.0
2026-06-15T09:00Z,no2,4.3
2026-06-15T09:00Z,so2,14.6
2026-06-15T09:00Z,o3,166.0
2026-06-15T10:00Z,pm10,276.6
2026-06-15T10:00Z,pm25,73.8
2026-06-15T10:00Z,co,220.0
2026-06-15T10:00Z,no2,4.7
2026-06-15T10:00Z,so2,13.7
2026-06-15T10:00Z,o3,161.0
2026-06-15T11:00Z,pm10,333.4
2026-06-15T11:00Z,pm25,78.9
2026-06-15T11:00Z,co,258.0
2026-06-15T11:00Z,no2,5.9
2026-06-15T11:00Z,so2,13.1
2026-06-15T11:00Z,o3,152.0
2026-06-15T12:00Z,pm10,871.7
2026-06-15T12:00Z,pm25,136.0
2026-06-15T12:00Z,co,318.0
2026-06-15T12:00Z,no2,10.6
2026-06-15T12:00Z,so2,11.0
2026-06-15T12:00Z,o3,108.0
2026-06-15T13:00Z,pm10,815.8
2026-06-15T13:00Z,pm25,140.2
2026-06-15T13:00Z,co,405.0
2026-06-15T13:00Z,no2,19.1
2026-06-15T13:00Z,so2,13.6
2026-06-15T13:00Z,o3,90.0
2026-06-15T14:00Z,pm10,760.0
2026-06-15T14:00Z,pm25,145.8
2026-06-15T14:00Z,co,514.0
2026-06-15T14:00Z,no2,31.2
2026-06-15T14:00Z,so2,17.3
2026-06-15T14:00Z,o3,66.0
2026-06-15T15:00Z,pm10,704.1
2026-06-15T15:00Z,pm25,152.7
2026-06-15T15:00Z,co,630.0
2026-06-15T15:00Z,no2,43.3
2026-06-15T15:00Z,so2,21.1
2026-06-15T15:00Z,o3,44.0
2026-06-15T16:00Z,pm10,737.6
2026-06-15T16:00Z,pm25,161.6
2026-06-15T16:00Z,co,785.0
2026-06-15T16:00Z,no2,55.0
2026-06-15T16:00Z,so2,24.8
2026-06-15T16:00Z,o3,29.0
2026-06-15T17:00Z,pm10,802.8
2026-06-15T17:00Z,pm25,174.2
2026-06-15T17:00Z,co,948.0
2026-06-15T17:00Z,no2,66.7
2026-06-15T17:00Z,so2,28.6
2026-06-15T17:00Z,o3,17.0
2026-06-15T18:00Z,pm10,806.5
2026-06-15T18:00Z,pm25,183.9
2026-06-15T18:00Z,co,1005.0
2026-06-15T18:00Z,no2,75.3
2026-06-15T18:00Z,so2,32.0
2026-06-15T18:00Z,o3,8.0
2026-06-15T19:00Z,pm10,827.0
2026-06-15T19:00Z,pm25,192.3
2026-06-15T19:00Z,co,870.0
2026-06-15T19:00Z,no2,79.3
2026-06-15T19:00Z,so2,34.8
2026-06-15T19:00Z,o3,3.0
2026-06-15T20:00Z,pm10,823.3
2026-06-15T20:00Z,pm25,195.1
2026-06-15T20:00Z,co,630.0
2026-06-15T20:00Z,no2,80.2
2026-06-15T20:00Z,so2,37.3
2026-06-15T20:00Z,o3,1.0
2026-06-15T21:00Z,pm10,841.9
2026-06-15T21:00Z,pm25,197.4
2026-06-15T21:00Z,co,436.0
2026-06-15T21:00Z,no2,79.8
2026-06-15T21:00Z,so2,39.2
2026-06-15T21:00Z,o3,0.0
2026-06-15T22:00Z,pm10,843.8
2026-06-15T22:00Z,pm25,199.8
2026-06-15T22:00Z,co,340.0
2026-06-15T22:00Z,no2,79.2
2026-06-15T22:00Z,so2,40.2
2026-06-15T22:00Z,o3,0.0
2026-06-15T23:00Z,pm10,847.5
2026-06-15T23:00Z,pm25,200.7
2026-06-15T23:00Z,co,289.0
2026-06-15T23:00Z,no2,77.4
2026-06-15T23:00Z,so2,40.8
2026-06-15T23:00Z,o3,0.0
2026-06-16T00:00Z,pm10,523.4
2026-06-16T00:00Z,pm25,145.3
2026-06-16T00:00Z,co,277.0
2026-06-16T00:00Z,no2,41.8
2026-06-16T00:00Z,so2,23.9
2026-06-16T00:00Z,o3,18.0
2026-06-16T01:00Z,pm10,448.0
2026-06-16T01:00Z,pm25,144.8
2026-06-16T01:00Z,co,327.0
2026-06-16T01:00Z,no2,37.5
2026-06-16T01:00Z,so2,26.4
2026-06-16T01:00Z,o3,34.0
2026-06-16T02:00Z,pm10,538.3
2026-06-16T02:00Z,pm25,143.9
2026-06-16T02:00Z,co,415.0
2026-06-16T02:00Z,no2,31.4
2026-06-16T02:00Z,so2,29.7
2026-06-16T02:00Z,o3,56.0
2026-06-16T03:00Z,pm10,542.0
2026-06-16T03:00Z,pm25,130.4
2026-06-16T03:00Z,co,463.0
2026-06-16T03:00Z,no2,25.2
2026-06-16T03:00Z,so2,30.7
2026-06-16T03:00Z,o3,79.0
2026-06-16T04:00Z,pm10,542.0
2026-06-16T04:00Z,pm25,113.6
2026-06-16T04:00Z,co,425.0
2026-06-16T04:00Z,no2,18.9
2026-06-16T04:00Z,so2,27.4
2026-06-16T04:00Z,o3,102.0
2026-06-16T05:00Z,pm10,521.5
2026-06-16T05:00Z,pm25,101.3
2026-06-16T05:00Z,co,347.0
2026-06-16T05:00Z,no2,12.4
2026-06-16T05:00Z,so2,22.0
2026-06-16T05:00Z,o3,126.0
2026-06-16T06:00Z,pm10,491.7
2026-06-16T06:00Z,pm25,94.5
2026-06-16T06:00Z,co,287.0
2026-06-16T06:00Z,no2,7.6
2026-06-16T06:00Z,so2,17.6
2026-06-16T06:00Z,o3,145.0
2026-06-16T07:00Z,pm10,467.5
2026-06-16T07:00Z,pm25,91.5
2026-06-16T07:00Z,co,266.0
2026-06-16T07:00Z,no2,5.1
2026-06-16T07:00Z,so2,15.7
2026-06-16T07:00Z,o3,157.0
2026-06-16T08:00Z,pm10,412.6
2026-06-16T08:00Z,pm25,85.4
2026-06-16T08:00Z,co,262.0
2026-06-16T08:00Z,no2,4.3
2026-06-16T08:00Z,so2,14.8
2026-06-16T08:00Z,o3,164.0
2026-06-16T09:00Z,pm10,367.9
2026-06-16T09:00Z,pm25,80.6
2026-06-16T09:00Z,co,270.0
2026-06-16T09:00Z,no2,4.7
2026-06-16T09:00Z,so2,14.4
2026-06-16T09:00Z,o3,165.0
2026-06-16T10:00Z,pm10,355.8
2026-06-16T10:00Z,pm25,79.6
2026-06-16T10:00Z,co,289.0
2026-06-16T10:00Z,no2,6.1
2026-06-16T10:00Z,so2,13.9
2026-06-16T10:00Z,o3,160.0
2026-06-16T11:00Z,pm10,358.6
2026-06-16T11:00Z,pm25,78.9
2026-06-16T11:00Z,co,320.0
2026-06-16T11:00Z,no2,8.6
2026-06-16T11:00Z,so2,13.9
2026-06-16T11:00Z,o3,150.0
2026-06-16T12:00Z,pm10,203.5
2026-06-16T12:00Z,pm25,50.6
2026-06-16T12:00Z,co,358.0
2026-06-16T12:00Z,no2,10.4
2026-06-16T12:00Z,so2,16.5
2026-06-16T12:00Z,o3,152.0
2026-06-16T13:00Z,pm10,190.5
2026-06-16T13:00Z,pm25,53.4
2026-06-16T13:00Z,co,405.0
2026-06-16T13:00Z,no2,25.0
2026-06-16T13:00Z,so2,19.3
2026-06-16T13:00Z,o3,125.0
2026-06-16T14:00Z,pm10,182.5
2026-06-16T14:00Z,pm25,63.8
2026-06-16T14:00Z,co,459.0
2026-06-16T14:00Z,no2,45.7
2026-06-16T14:00Z,so2,23.5
2026-06-16T14:00Z,o3,87.0
2026-06-16T15:00Z,pm10,202.6
2026-06-16T15:00Z,pm25,78.0
2026-06-16T15:00Z,co,505.0
2026-06-16T15:00Z,no2,65.5
2026-06-16T15:00Z,so2,28.8
2026-06-16T15:00Z,o3,54.0
2026-06-16T16:00Z,pm10,224.9
2026-06-16T16:00Z,pm25,91.0
2026-06-16T16:00Z,co,532.0
2026-06-16T16:00Z,no2,84.0
2026-06-16T16:00Z,so2,36.7
2026-06-16T16:00Z,o3,31.0
2026-06-16T17:00Z,pm10,239.3
2026-06-16T17:00Z,pm25,104.8
2026-06-16T17:00Z,co,553.0
2026-06-16T17:00Z,no2,101.6
2026-06-16T17:00Z,so2,45.8
2026-06-16T17:00Z,o3,14.0
2026-06-16T18:00Z,pm10,249.6
2026-06-16T18:00Z,pm25,115.9
2026-06-16T18:00Z,co,588.0
2026-06-16T18:00Z,no2,113.0
2026-06-16T18:00Z,so2,51.7
2026-06-16T18:00Z,o3,2.0
2026-06-16T19:00Z,pm10,253.3
2026-06-16T19:00Z,pm25,120.6
2026-06-16T19:00Z,co,653.0
2026-06-16T19:00Z,no2,114.9
2026-06-16T19:00Z,so2,52.2
2026-06-16T19:00Z,o3,0.0
2026-06-16T20:00Z,pm10,258.0
2026-06-16T20:00Z,pm25,117.8
2026-06-16T20:00Z,co,733.0
2026-06-16T20:00Z,no2,110.6
2026-06-16T20:00Z,so2,49.6
2026-06-16T20:00Z,o3,0.0
2026-06-16T21:00Z,pm10,283.1
2026-06-16T21:00Z,pm25,114.3
2026-06-16T21:00Z,co,804.0
2026-06-16T21:00Z,no2,104.4
2026-06-16T21:00Z,so2,46.1
2026-06-16T21:00Z,o3,0.0
2026-06-16T22:00Z,pm10,327.8
2026-06-16T22:00Z,pm25,115.3
2026-06-16T22:00Z,co,864.0
2026-06-16T22:00Z,no2,97.3
2026-06-16T22:00Z,so2,41.8
2026-06-16T22:00Z,o3,0.0
2026-06-16T23:00Z,pm10,380.9
2026-06-16T23:00Z,pm25,120.1
2026-06-16T23:00Z,co,914.0
2026-06-16T23:00Z,no2,88.3
2026-06-16T23:00Z,so2,36.6
2026-06-16T23:00Z,o3,0.0
2026-06-17T00:00Z,pm10,497.3
2026-06-17T00:00Z,pm25,95.5
2026-06-17T00:00Z,co,937.0
2026-06-17T00:00Z,no2,39.9
2026-06-17T00:00Z,so2,24.0
2026-06-17T00:00Z,o3,38.0
2026-06-17T01:00Z,pm10,441.4
2026-06-17T01:00Z,pm25,94.8
2026-06-17T01:00Z,co,924.0
2026-06-17T01:00Z,no2,35.4
2026-06-17T01:00Z,so2,23.2
2026-06-17T01:00Z,o3,49.0
2026-06-17T02:00Z,pm10,495.5
2026-06-17T02:00Z,pm25,100.1
2026-06-17T02:00Z,co,883.0
2026-06-17T02:00Z,no2,28.9
2026-06-17T02:00Z,so2,22.1
2026-06-17T02:00Z,o3,65.0
2026-06-17T03:00Z,pm10,594.2
2026-06-17T03:00Z,pm25,107.6
2026-06-17T03:00Z,co,818.0
2026-06-17T03:00Z,no2,23.0
2026-06-17T03:00Z,so2,21.8
2026-06-17T03:00Z,o3,83.0
2026-06-17T04:00Z,pm10,657.5
2026-06-17T04:00Z,pm25,112.2
2026-06-17T04:00Z,co,711.0
2026-06-17T04:00Z,no2,18.2
2026-06-17T04:00Z,so2,23.4
2026-06-17T04:00Z,o3,105.0
2026-06-17T05:00Z,pm10,692.9
2026-06-17T05:00Z,pm25,118.3
2026-06-17T05:00Z,co,580.0
2026-06-17T05:00Z,no2,13.9
2026-06-17T05:00Z,so2,25.8
2026-06-17T05:00Z,o3,129.0
2026-06-17T06:00Z,pm10,689.2
2026-06-17T06:00Z,pm25,120.6
2026-06-17T06:00Z,co,479.0
2026-06-17T06:00Z,no2,10.4
2026-06-17T06:00Z,so2,26.8
2026-06-17T06:00Z,o3,150.0
2026-06-17T07:00Z,pm10,670.6
2026-06-17T07:00Z,pm25,121.5
2026-06-17T07:00Z,co,436.0
2026-06-17T07:00Z,no2,7.7
2026-06-17T07:00Z,so2,25.2
2026-06-17T07:00Z,o3,166.0
2026-06-17T08:00Z,pm10,644.5
2026-06-17T08:00Z,pm25,118.3
2026-06-17T08:00Z,co,423.0
2026-06-17T08:00Z,no2,5.9
2026-06-17T08:00Z,so2,22.3
2026-06-17T08:00Z,o3,178.0
2026-06-17T09:00Z,pm10,620.3
2026-06-17T09:00Z,pm25,114.3
2026-06-17T09:00Z,co,409.0
2026-06-17T09:00Z,no2,5.5
2026-06-17T09:00Z,so2,19.7
2026-06-17T09:00Z,o3,182.0
2026-06-17T10:00Z,pm10,594.2
2026-06-17T10:00Z,pm25,109.7
2026-06-17T10:00Z,co,367.0
2026-06-17T10:00Z,no2,5.9
2026-06-17T10:00Z,so2,17.7
2026-06-17T10:00Z,o3,177.0
2026-06-17T11:00Z,pm10,560.7
2026-06-17T11:00Z,pm25,103.8
2026-06-17T11:00Z,co,323.0
2026-06-17T11:00Z,no2,7.7
2026-06-17T11:00Z,so2,16.1
2026-06-17T11:00Z,o3,165.0
2026-06-17T12:00Z,pm10,416.3
2026-06-17T12:00Z,pm25,77.5
2026-06-17T12:00Z,co,325.0
2026-06-17T12:00Z,no2,10.7
2026-06-17T12:00Z,so2,13.6
2026-06-17T12:00Z,o3,140.0
2026-06-17T13:00Z,pm10,385.6
2026-06-17T13:00Z,pm25,79.9
2026-06-17T13:00Z,co,405.0
2026-06-17T13:00Z,no2,22.0
2026-06-17T13:00Z,so2,15.6
2026-06-17T13:00Z,o3,117.0
2026-06-17T14:00Z,pm10,395.8
2026-06-17T14:00Z,pm25,88.2
2026-06-17T14:00Z,co,531.0
2026-06-17T14:00Z,no2,38.0
2026-06-17T14:00Z,so2,18.5
2026-06-17T14:00Z,o3,85.0
2026-06-17T15:00Z,pm10,381.8
2026-06-17T15:00Z,pm25,99.2
2026-06-17T15:00Z,co,656.0
2026-06-17T15:00Z,no2,53.4
2026-06-17T15:00Z,so2,22.1
2026-06-17T15:00Z,o3,57.0
2026-06-17T16:00Z,pm10,380.0
2026-06-17T16:00Z,pm25,109.4
2026-06-17T16:00Z,co,769.0
2026-06-17T16:00Z,no2,67.5
2026-06-17T16:00Z,so2,26.7
2026-06-17T16:00Z,o3,37.0
2026-06-17T17:00Z,pm10,409.8
2026-06-17T17:00Z,pm25,122.5
2026-06-17T17:00Z,co,880.0
2026-06-17T17:00Z,no2,80.9
2026-06-17T17:00Z,so2,31.9
2026-06-17T17:00Z,o3,21.0
2026-06-17T18:00Z,pm10,439.6
2026-06-17T18:00Z,pm25,133.6
2026-06-17T18:00Z,co,980.0
2026-06-17T18:00Z,no2,91.0
2026-06-17T18:00Z,so2,36.2
2026-06-17T18:00Z,o3,9.0
2026-06-17T19:00Z,pm10,461.9
2026-06-17T19:00Z,pm25,142.5
2026-06-17T19:00Z,co,1075.0
2026-06-17T19:00Z,no2,96.0
2026-06-17T19:00Z,so2,38.9
2026-06-17T19:00Z,o3,3.0
2026-06-17T20:00Z,pm10,480.6
2026-06-17T20:00Z,pm25,150.4
2026-06-17T20:00Z,co,1157.0
2026-06-17T20:00Z,no2,97.5
2026-06-17T20:00Z,so2,40.8
2026-06-17T20:00Z,o3,1.0
2026-06-17T21:00Z,pm10,497.3
2026-06-17T21:00Z,pm25,156.5
2026-06-17T21:00Z,co,1193.0
2026-06-17T21:00Z,no2,97.8
2026-06-17T21:00Z,so2,42.3
2026-06-17T21:00Z,o3,1.0
2026-06-17T22:00Z,pm10,508.5
2026-06-17T22:00Z,pm25,161.1
2026-06-17T22:00Z,co,1157.0
2026-06-17T22:00Z,no2,98.3
2026-06-17T22:00Z,so2,43.4
2026-06-17T22:00Z,o3,0.0
2026-06-17T23:00Z,pm10,512.2
2026-06-17T23:00Z,pm25,164.4
2026-06-17T23:00Z,co,1074.0
2026-06-17T23:00Z,no2,97.5
2026-06-17T23:00Z,so2,44.1
2026-06-17T23:00Z,o3,0.0
2026-06-18T00:00Z,pm10,223.1
2026-06-18T00:00Z,pm25,85.0
2026-06-18T00:00Z,co,993.0
2026-06-18T00:00Z,no2,48.8
2026-06-18T00:00Z,so2,24.9
2026-06-18T00:00Z,o3,22.0
2026-06-18T01:00Z,pm10,213.7
2026-06-18T01:00Z,pm25,89.6
2026-06-18T01:00Z,co,941.0
2026-06-18T01:00Z,no2,44.5
2026-06-18T01:00Z,so2,28.3
2026-06-18T01:00Z,o3,40.0
2026-06-18T02:00Z,pm10,221.2
2026-06-18T02:00Z,pm25,89.9
2026-06-18T02:00Z,co,891.0
2026-06-18T02:00Z,no2,38.3
2026-06-18T02:00Z,so2,32.8
2026-06-18T02:00Z,o3,65.0
2026-06-18T03:00Z,pm10,289.6
2026-06-18T03:00Z,pm25,90.1
2026-06-18T03:00Z,co,804.0
2026-06-18T03:00Z,no2,31.2
2026-06-18T03:00Z,so2,34.6
2026-06-18T03:00Z,o3,92.0
2026-06-18T04:00Z,pm10,300.8
2026-06-18T04:00Z,pm25,88.2
2026-06-18T04:00Z,co,639.0
2026-06-18T04:00Z,no2,22.4
2026-06-18T04:00Z,so2,31.1
2026-06-18T04:00Z,o3,123.0
2026-06-18T05:00Z,pm10,217.9
2026-06-18T05:00Z,pm25,72.6
2026-06-18T05:00Z,co,437.0
2026-06-18T05:00Z,no2,12.7
2026-06-18T05:00Z,so2,24.9
2026-06-18T05:00Z,o3,155.0
2026-06-18T06:00Z,pm10,158.8
2026-06-18T06:00Z,pm25,58.4
2026-06-18T06:00Z,co,289.0
2026-06-18T06:00Z,no2,5.6
2026-06-18T06:00Z,so2,19.7
2026-06-18T06:00Z,o3,178.0
2026-06-18T07:00Z,pm10,204.4
2026-06-18T07:00Z,pm25,62.2
2026-06-18T07:00Z,co,240.0
2026-06-18T07:00Z,no2,3.0
2026-06-18T07:00Z,so2,16.8
2026-06-18T07:00Z,o3,185.0
2026-06-18T08:00Z,pm10,204.4
2026-06-18T08:00Z,pm25,59.5
2026-06-18T08:00Z,co,244.0
2026-06-18T08:00Z,no2,3.0
2026-06-18T08:00Z,so2,14.9
2026-06-18T08:00Z,o3,181.0
2026-06-18T09:00Z,pm10,182.1
2026-06-18T09:00Z,pm25,56.1
2026-06-18T09:00Z,co,256.0
2026-06-18T09:00Z,no2,4.0
2026-06-18T09:00Z,so2,13.5
2026-06-18T09:00Z,o3,175.0
2026-06-18T10:00Z,pm10,249.6
2026-06-18T10:00Z,pm25,61.9
2026-06-18T10:00Z,co,260.0
2026-06-18T10:00Z,no2,5.2
2026-06-18T10:00Z,so2,12.5
2026-06-18T10:00Z,o3,168.0
2026-06-18T11:00Z,pm10,231.4
2026-06-18T11:00Z,pm25,60.3
2026-06-18T11:00Z,co,272.0
2026-06-18T11:00Z,no2,7.3
2026-06-18T11:00Z,so2,12.0
2026-06-18T11:00Z,o3,158.0
2026-06-18T12:00Z,pm10,246.8
2026-06-18T12:00Z,pm25,56.7
2026-06-18T12:00Z,co,298.0
2026-06-18T12:00Z,no2,10.3
2026-06-18T12:00Z,so2,10.8
2026-06-18T12:00Z,o3,138.0
2026-06-18T13:00Z,pm10,291.5
2026-06-18T13:00Z,pm25,64.5
2026-06-18T13:00Z,co,351.0
2026-06-18T13:00Z,no2,16.8
2026-06-18T13:00Z,so2,12.3
2026-06-18T13:00Z,o3,121.0
2026-06-18T14:00Z,pm10,366.9
2026-06-18T14:00Z,pm25,77.1
2026-06-18T14:00Z,co,418.0
2026-06-18T14:00Z,no2,25.8
2026-06-18T14:00Z,so2,14.4
2026-06-18T14:00Z,o3,97.0
2026-06-18T15:00Z,pm10,382.8
2026-06-18T15:00Z,pm25,86.8
2026-06-18T15:00Z,co,467.0
2026-06-18T15:00Z,no2,33.3
2026-06-18T15:00Z,so2,16.5
2026-06-18T15:00Z,o3,77.0
2026-06-18T16:00Z,pm10,382.8
2026-06-18T16:00Z,pm25,93.6
2026-06-18T16:00Z,co,482.0
2026-06-18T16:00Z,no2,37.4
2026-06-18T16:00Z,so2,18.4
2026-06-18T16:00Z,o3,65.0
2026-06-18T17:00Z,pm10,379.0
2026-06-18T17:00Z,pm25,99.9
2026-06-18T17:00Z,co,479.0
2026-06-18T17:00Z,no2,39.9
2026-06-18T17:00Z,so2,20.3
2026-06-18T17:00Z,o3,57.0
2026-06-18T18:00Z,pm10,372.5
2026-06-18T18:00Z,pm25,105.2
2026-06-18T18:00Z,co,468.0
2026-06-18T18:00Z,no2,42.8
2026-06-18T18:00Z,so2,21.9
2026-06-18T18:00Z,o3,50.0
2026-06-18T19:00Z,pm10,353.9
2026-06-18T19:00Z,pm25,108.0
2026-06-18T19:00Z,co,451.0
2026-06-18T19:00Z,no2,46.7
2026-06-18T19:00Z,so2,22.7
2026-06-18T19:00Z,o3,42.0
2026-06-18T20:00Z,pm10,334.3
2026-06-18T20:00Z,pm25,110.1
2026-06-18T20:00Z,co,427.0
2026-06-18T20:00Z,no2,50.8
2026-06-18T20:00Z,so2,23.2
2026-06-18T20:00Z,o3,35.0
2026-06-18T21:00Z,pm10,324.1
2026-06-18T21:00Z,pm25,112.9
2026-06-18T21:00Z,co,402.0
2026-06-18T21:00Z,no2,55.2
2026-06-18T21:00Z,so2,24.6
2026-06-18T21:00Z,o3,29.0
2026-06-18T22:00Z,pm10,325.0
2026-06-18T22:00Z,pm25,117.3
2026-06-18T22:00Z,co,369.0
2026-06-18T22:00Z,no2,61.5
2026-06-18T22:00Z,so2,27.7
2026-06-18T22:00Z,o3,20.0
2026-06-18T23:00Z,pm10,328.8
2026-06-18T23:00Z,pm25,122.5
2026-06-18T23:00Z,co,336.0
2026-06-18T23:00Z,no2,68.1
2026-06-18T23:00Z,so2,31.8
2026-06-18T23:00Z,o3,11.0
2026-06-19T00:00Z,pm10,687.3
2026-06-19T00:00Z,pm25,142.0
2026-06-19T00:00Z,co,328.0
2026-06-19T00:00Z,no2,20.1
2026-06-19T00:00Z,so2,12.4
2026-06-19T00:00Z,o3,47.0
2026-06-19T01:00Z,pm10,722.7
2026-06-19T01:00Z,pm25,154.1
2026-06-19T01:00Z,co,372.0
2026-06-19T01:00Z,no2,20.5
2026-06-19T01:00Z,so2,14.5
2026-06-19T01:00Z,o3,50.0
2026-06-19T02:00Z,pm10,715.3
2026-06-19T02:00Z,pm25,156.9
2026-06-19T02:00Z,co,442.0
2026-06-19T02:00Z,no2,20.8
2026-06-19T02:00Z,so2,17.5
2026-06-19T02:00Z,o3,56.0
2026-06-19T03:00Z,pm10,694.8
2026-06-19T03:00Z,pm25,152.7
2026-06-19T03:00Z,co,487.0
2026-06-19T03:00Z,no2,19.8
2026-06-19T03:00Z,so2,20.0
2026-06-19T03:00Z,o3,71.0
2026-06-19T04:00Z,pm10,601.6
2026-06-19T04:00Z,pm25,141.1
2026-06-19T04:00Z,co,483.0
2026-06-19T04:00Z,no2,16.1
2026-06-19T04:00Z,so2,21.8
2026-06-19T04:00Z,o3,105.0
2026-06-19T05:00Z,pm10,542.0
2026-06-19T05:00Z,pm25,133.2
2026-06-19T05:00Z,co,455.0
2026-06-19T05:00Z,no2,11.1
2026-06-19T05:00Z,so2,23.0
2026-06-19T05:00Z,o3,149.0
2026-06-19T06:00Z,pm10,514.1
2026-06-19T06:00Z,pm25,126.2
2026-06-19T06:00Z,co,422.0
2026-06-19T06:00Z,no2,7.1
2026-06-19T06:00Z,so2,23.0
2026-06-19T06:00Z,o3,181.0
2026-06-19T07:00Z,pm10,620.3
2026-06-19T07:00Z,pm25,133.6
2026-06-19T07:00Z,co,385.0
2026-06-19T07:00Z,no2,5.1
2026-06-19T07:00Z,so2,21.0
2026-06-19T07:00Z,o3,192.0
2026-06-19T08:00Z,pm10,597.9
2026-06-19T08:00Z,pm25,129.9
2026-06-19T08:00Z,co,344.0
2026-06-19T08:00Z,no2,4.2
2026-06-19T08:00Z,so2,17.7
2026-06-19T08:00Z,o3,191.0
2026-06-19T09:00Z,pm10,523.4
2026-06-19T09:00Z,pm25,117.1
2026-06-19T09:00Z,co,315.0
2026-06-19T09:00Z,no2,4.4
2026-06-19T09:00Z,so2,14.9
2026-06-19T09:00Z,o3,184.0
2026-06-19T10:00Z,pm10,443.3
2026-06-19T10:00Z,pm25,102.0
2026-06-19T10:00Z,co,305.0
2026-06-19T10:00Z,no2,5.4
2026-06-19T10:00Z,so2,13.1
2026-06-19T10:00Z,o3,172.0
2026-06-19T11:00Z,pm10,396.7
2026-06-19T11:00Z,pm25,91.7
2026-06-19T11:00Z,co,307.0
2026-06-19T11:00Z,no2,7.5
2026-06-19T11:00Z,so2,11.7
2026-06-19T11:00Z,o3,155.0
2026-06-19T12:00Z,pm10,657.5
2026-06-19T12:00Z,pm25,118.7
2026-06-19T12:00Z,co,320.0
2026-06-19T12:00Z,no2,9.8
2026-06-19T12:00Z,so2,10.2
2026-06-19T12:00Z,o3,133.0
2026-06-19T13:00Z,pm10,791.6
2026-06-19T13:00Z,pm25,136.0
2026-06-19T13:00Z,co,347.0
2026-06-19T13:00Z,no2,12.8
2026-06-19T13:00Z,so2,10.7
2026-06-19T13:00Z,o3,119.0
2026-06-19T14:00Z,pm10,925.7
2026-06-19T14:00Z,pm25,155.5
2026-06-19T14:00Z,co,384.0
2026-06-19T14:00Z,no2,17.2
2026-06-19T14:00Z,so2,11.4
2026-06-19T14:00Z,o3,99.0
2026-06-19T15:00Z,pm10,1009.6
2026-06-19T15:00Z,pm25,169.0
2026-06-19T15:00Z,co,421.0
2026-06-19T15:00Z,no2,21.6
2026-06-19T15:00Z,so2,12.3
2026-06-19T15:00Z,o3,81.0
2026-06-19T16:00Z,pm10,1028.2
2026-06-19T16:00Z,pm25,178.8
2026-06-19T16:00Z,co,458.0
2026-06-19T16:00Z,no2,26.3
2026-06-19T16:00Z,so2,13.7
2026-06-19T16:00Z,o3,68.0
2026-06-19T17:00Z,pm10,1013.3
2026-06-19T17:00Z,pm25,184.4
2026-06-19T17:00Z,co,495.0
2026-06-19T17:00Z,no2,31.0
2026-06-19T17:00Z,so2,15.4
2026-06-19T17:00Z,o3,57.0
2026-06-19T18:00Z,pm10,961.1
2026-06-19T18:00Z,pm25,182.5
2026-06-19T18:00Z,co,517.0
2026-06-19T18:00Z,no2,34.0
2026-06-19T18:00Z,so2,16.5
2026-06-19T18:00Z,o3,50.0
2026-06-19T19:00Z,pm10,899.7
2026-06-19T19:00Z,pm25,177.4
2026-06-19T19:00Z,co,511.0
2026-06-19T19:00Z,no2,33.9
2026-06-19T19:00Z,so2,16.6
2026-06-19T19:00Z,o3,48.0
2026-06-19T20:00Z,pm10,819.6
2026-06-19T20:00Z,pm25,170.0
2026-06-19T20:00Z,co,490.0
2026-06-19T20:00Z,no2,32.0
2026-06-19T20:00Z,so2,16.2
2026-06-19T20:00Z,o3,49.0
2026-06-19T21:00Z,pm10,745.1
2026-06-19T21:00Z,pm25,161.6
2026-06-19T21:00Z,co,476.0
2026-06-19T21:00Z,no2,30.3
2026-06-19T21:00Z,so2,15.9
2026-06-19T21:00Z,o3,51.0
2026-06-19T22:00Z,pm10,661.2
2026-06-19T22:00Z,pm25,153.2
2026-06-19T22:00Z,co,483.0
2026-06-19T22:00Z,no2,29.8
2026-06-19T22:00Z,so2,16.0
2026-06-19T22:00Z,o3,49.0
2026-06-19T23:00Z,pm10,575.6
2026-06-19T23:00Z,pm25,145.3
2026-06-19T23:00Z,co,499.0
2026-06-19T23:00Z,no2,29.5
2026-06-19T23:00Z,so2,16.3
2026-06-19T23:00Z,o3,48.0
2026-06-20T00:00Z,pm10,583.0
2026-06-20T00:00Z,pm25,152.3
2026-06-20T00:00Z,co,503.0
2026-06-20T00:00Z,no2,21.1
2026-06-20T00:00Z,so2,15.3
2026-06-20T00:00Z,o3,71.0
2026-06-20T01:00Z,pm10,536.4
2026-06-20T01:00Z,pm25,149.5
2026-06-20T01:00Z,co,492.0
2026-06-20T01:00Z,no2,20.3
2026-06-20T01:00Z,so2,16.8
2026-06-20T01:00Z,o3,85.0
2026-06-20T02:00Z,pm10,527.1
2026-06-20T02:00Z,pm25,144.8
2026-06-20T02:00Z,co,470.0
2026-06-20T02:00Z,no2,19.1
2026-06-20T02:00Z,so2,18.8
2026-06-20T02:00Z,o3,104.0
2026-06-20T03:00Z,pm10,457.3
2026-06-20T03:00Z,pm25,122.9
2026-06-20T03:00Z,co,435.0
2026-06-20T03:00Z,no2,16.9
2026-06-20T03:00Z,so2,19.6
2026-06-20T03:00Z,o3,123.0
2026-06-20T04:00Z,pm10,387.4
2026-06-20T04:00Z,pm25,98.0
2026-06-20T04:00Z,co,373.0
2026-06-20T04:00Z,no2,12.7
2026-06-20T04:00Z,so2,18.2
2026-06-20T04:00Z,o3,141.0
2026-06-20T05:00Z,pm10,461.0
2026-06-20T05:00Z,pm25,93.6
2026-06-20T05:00Z,co,297.0
2026-06-20T05:00Z,no2,7.6
2026-06-20T05:00Z,so2,15.6
2026-06-20T05:00Z,o3,159.0
2026-06-20T06:00Z,pm10,337.1
2026-06-20T06:00Z,pm25,76.1
2026-06-20T06:00Z,co,243.0
2026-06-20T06:00Z,no2,3.9
2026-06-20T06:00Z,so2,13.5
2026-06-20T06:00Z,o3,170.0
2026-06-20T07:00Z,pm10,501.1
2026-06-20T07:00Z,pm25,89.9
2026-06-20T07:00Z,co,231.0
2026-06-20T07:00Z,no2,2.6
2026-06-20T07:00Z,so2,12.4
2026-06-20T07:00Z,o3,170.0
2026-06-20T08:00Z,pm10,383.7
2026-06-20T08:00Z,pm25,77.3
2026-06-20T08:00Z,co,241.0
2026-06-20T08:00Z,no2,2.7
2026-06-20T08:00Z,so2,11.6
2026-06-20T08:00Z,o3,163.0
2026-06-20T09:00Z,pm10,465.7
2026-06-20T09:00Z,pm25,84.5
2026-06-20T09:00Z,co,254.0
2026-06-20T09:00Z,no2,3.6
2026-06-20T09:00Z,so2,11.1
2026-06-20T09:00Z,o3,154.0
2026-06-20T10:00Z,pm10,467.5
2026-06-20T10:00Z,pm25,83.6
2026-06-20T10:00Z,co,262.0
2026-06-20T10:00Z,no2,4.8
2026-06-20T10:00Z,so2,10.6
2026-06-20T10:00Z,o3,146.0
2026-06-20T11:00Z,pm10,491.7
2026-06-20T11:00Z,pm25,87.8
2026-06-20T11:00Z,co,273.0
2026-06-20T11:00Z,no2,6.7
2026-06-20T11:00Z,so2,10.2
2026-06-20T11:00Z,o3,137.0
2026-06-20T12:00Z,pm10,461.9
2026-06-20T12:00Z,pm25,83.4
2026-06-20T12:00Z,co,288.0
2026-06-20T12:00Z,no2,10.7
2026-06-20T12:00Z,so2,10.7
2026-06-20T12:00Z,o3,125.0
2026-06-20T13:00Z,pm10,444.2
2026-06-20T13:00Z,pm25,85.4
2026-06-20T13:00Z,co,307.0
2026-06-20T13:00Z,no2,15.9
2026-06-20T13:00Z,so2,11.9
2026-06-20T13:00Z,o3,111.0
2026-06-20T14:00Z,pm10,458.2
2026-06-20T14:00Z,pm25,93.1
2026-06-20T14:00Z,co,329.0
2026-06-20T14:00Z,no2,23.3
2026-06-20T14:00Z,so2,13.5
2026-06-20T14:00Z,o3,90.0
2026-06-20T15:00Z,pm10,508.5
2026-06-20T15:00Z,pm25,107.8
2026-06-20T15:00Z,co,354.0
2026-06-20T15:00Z,no2,30.1
2026-06-20T15:00Z,so2,15.0
2026-06-20T15:00Z,o3,72.0
2026-06-20T16:00Z,pm10,549.5
2026-06-20T16:00Z,pm25,122.0
2026-06-20T16:00Z,co,391.0
2026-06-20T16:00Z,no2,35.7
2026-06-20T16:00Z,so2,16.3
2026-06-20T16:00Z,o3,59.0
2026-06-20T17:00Z,pm10,573.7
2026-06-20T17:00Z,pm25,134.1
2026-06-20T17:00Z,co,430.0
2026-06-20T17:00Z,no2,40.7
2026-06-20T17:00Z,so2,17.4
2026-06-20T17:00Z,o3,48.0
2026-06-20T18:00Z,pm10,575.6
2026-06-20T18:00Z,pm25,142.5
2026-06-20T18:00Z,co,449.0
2026-06-20T18:00Z,no2,43.8
2026-06-20T18:00Z,so2,17.8
2026-06-20T18:00Z,o3,39.0
2026-06-20T19:00Z,pm10,568.1
2026-06-20T19:00Z,pm25,146.7
2026-06-20T19:00Z,co,430.0
2026-06-20T19:00Z,no2,44.0
2026-06-20T19:00Z,so2,16.8
2026-06-20T19:00Z,o3,34.0
2026-06-20T20:00Z,pm10,571.8
2026-06-20T20:00Z,pm25,150.4
2026-06-20T20:00Z,co,390.0
2026-06-20T20:00Z,no2,42.4
2026-06-20T20:00Z,so2,15.1
2026-06-20T20:00Z,o3,31.0
2026-06-20T21:00Z,pm10,577.4
2026-06-20T21:00Z,pm25,152.3
2026-06-20T21:00Z,co,355.0
2026-06-20T21:00Z,no2,40.2
2026-06-20T21:00Z,so2,13.8
2026-06-20T21:00Z,o3,29.0
2026-06-20T22:00Z,pm10,577.4
2026-06-20T22:00Z,pm25,152.3
2026-06-20T22:00Z,co,334.0
2026-06-20T22:00Z,no2,38.2
2026-06-20T22:00Z,so2,13.3
2026-06-20T22:00Z,o3,27.0
2026-06-20T23:00Z,pm10,556.9
2026-06-20T23:00Z,pm25,149.9
2026-06-20T23:00Z,co,319.0
2026-06-20T23:00Z,no2,35.6
2026-06-20T23:00Z,so2,13.3
2026-06-20T23:00Z,o3,26.0
2026-06-21T00:00Z,pm10,584.9
2026-06-21T00:00Z,pm25,130.4
2026-06-21T00:00Z,co,306.0
2026-06-21T00:00Z,no2,15.6
2026-06-21T00:00Z,so2,9.1
2026-06-21T00:00Z,o3,53.0
2026-06-21T01:00Z,pm10,575.6
2026-06-21T01:00Z,pm25,130.4
2026-06-21T01:00Z,co,299.0
2026-06-21T01:00Z,no2,15.2
2026-06-21T01:00Z,so2,9.9
2026-06-21T01:00Z,o3,53.0
2026-06-21T02:00Z,pm10,597.9
2026-06-21T02:00Z,pm25,129.9
2026-06-21T02:00Z,co,295.0
2026-06-21T02:00Z,no2,14.4
2026-06-21T02:00Z,so2,11.0
2026-06-21T02:00Z,o3,54.0
2026-06-21T03:00Z,pm10,685.5
2026-06-21T03:00Z,pm25,132.7
2026-06-21T03:00Z,co,286.0
2026-06-21T03:00Z,no2,13.0
2026-06-21T03:00Z,so2,12.0
2026-06-21T03:00Z,o3,63.0
2026-06-21T04:00Z,pm10,720.8
2026-06-21T04:00Z,pm25,130.4
2026-06-21T04:00Z,co,263.0
2026-06-21T04:00Z,no2,10.2
2026-06-21T04:00Z,so2,12.9
2026-06-21T04:00Z,o3,86.0
2026-06-21T05:00Z,pm10,741.3
2026-06-21T05:00Z,pm25,129.0
2026-06-21T05:00Z,co,235.0
2026-06-21T05:00Z,no2,6.8
2026-06-21T05:00Z,so2,13.6
2026-06-21T05:00Z,o3,116.0
2026-06-21T06:00Z,pm10,784.2
2026-06-21T06:00Z,pm25,132.7
2026-06-21T06:00Z,co,214.0
2026-06-21T06:00Z,no2,4.2
2026-06-21T06:00Z,so2,13.9
2026-06-21T06:00Z,o3,139.0
2026-06-21T07:00Z,pm10,666.8
2026-06-21T07:00Z,pm25,118.3
2026-06-21T07:00Z,co,207.0
2026-06-21T07:00Z,no2,3.0
2026-06-21T07:00Z,so2,13.4
2026-06-21T07:00Z,o3,151.0
2026-06-21T08:00Z,pm10,724.6
2026-06-21T08:00Z,pm25,120.6
2026-06-21T08:00Z,co,206.0
2026-06-21T08:00Z,no2,2.7
2026-06-21T08:00Z,so2,12.4
2026-06-21T08:00Z,o3,156.0
2026-06-21T09:00Z,pm10,756.2
2026-06-21T09:00Z,pm25,120.6
2026-06-21T09:00Z,co,206.0
2026-06-21T09:00Z,no2,3.1
2026-06-21T09:00Z,so2,11.5
2026-06-21T09:00Z,o3,156.0
2026-06-21T10:00Z,pm10,758.1
2026-06-21T10:00Z,pm25,116.9
2026-06-21T10:00Z,co,199.0
2026-06-21T10:00Z,no2,3.8
2026-06-21T10:00Z,so2,10.7
2026-06-21T10:00Z,o3,150.0
2026-06-21T11:00Z,pm10,719.0
2026-06-21T11:00Z,pm25,114.6
2026-06-21T11:00Z,co,192.0
2026-06-21T11:00Z,no2,5.2
2026-06-21T11:00Z,so2,10.0
2026-06-21T11:00Z,o3,139.0
2026-06-21T12:00Z,pm10,495.5
2026-06-21T12:00Z,pm25,82.0
2026-06-21T12:00Z,co,196.0
2026-06-21T12:00Z,no2,10.3
2026-06-21T12:00Z,so2,10.3
2026-06-21T12:00Z,o3,120.0
2026-06-21T13:00Z,pm10,482.4
2026-06-21T13:00Z,pm25,82.9
2026-06-21T13:00Z,co,217.0
2026-06-21T13:00Z,no2,16.8
2026-06-21T13:00Z,so2,11.9
2026-06-21T13:00Z,o3,103.0
2026-06-21T14:00Z,pm10,452.6
2026-06-21T14:00Z,pm25,85.7
2026-06-21T14:00Z,co,249.0
2026-06-21T14:00Z,no2,25.7
2026-06-21T14:00Z,so2,14.0
2026-06-21T14:00Z,o3,79.0
2026-06-21T15:00Z,pm10,440.5
2026-06-21T15:00Z,pm25,91.5
2026-06-21T15:00Z,co,280.0
2026-06-21T15:00Z,no2,31.8
2026-06-21T15:00Z,so2,15.3
2026-06-21T15:00Z,o3,61.0
2026-06-21T16:00Z,pm10,549.5
2026-06-21T16:00Z,pm25,109.2
2026-06-21T16:00Z,co,313.0
2026-06-21T16:00Z,no2,32.3
2026-06-21T16:00Z,so2,15.2
2026-06-21T16:00Z,o3,53.0
2026-06-21T17:00Z,pm10,676.1
2026-06-21T17:00Z,pm25,132.2
2026-06-21T17:00Z,co,345.0
2026-06-21T17:00Z,no2,30.1
2026-06-21T17:00Z,so2,14.2
2026-06-21T17:00Z,o3,50.0
2026-06-21T18:00Z,pm10,702.2
2026-06-21T18:00Z,pm25,143.9
2026-06-21T18:00Z,co,353.0
2026-06-21T18:00Z,no2,28.1
2026-06-21T18:00Z,so2,13.3
2026-06-21T18:00Z,o3,48.0
2026-06-21T19:00Z,pm10,659.4
2026-06-21T19:00Z,pm25,145.3
2026-06-21T19:00Z,co,313.0
2026-06-21T19:00Z,no2,27.5
2026-06-21T19:00Z,so2,12.5
2026-06-21T19:00Z,o3,44.0
2026-06-21T20:00Z,pm10,590.5
2026-06-21T20:00Z,pm25,139.2
2026-06-21T20:00Z,co,248.0
2026-06-21T20:00Z,no2,27.2
2026-06-21T20:00Z,so2,11.7
2026-06-21T20:00Z,o3,41.0
2026-06-21T21:00Z,pm10,508.5
2026-06-21T21:00Z,pm25,128.5
2026-06-21T21:00Z,co,211.0
2026-06-21T21:00Z,no2,27.3
2026-06-21T21:00Z,so2,11.2
2026-06-21T21:00Z,o3,38.0
2026-06-21T22:00Z,pm10,426.5
2026-06-21T22:00Z,pm25,115.7
2026-06-21T22:00Z,co,228.0
2026-06-21T22:00Z,no2,28.4
2026-06-21T22:00Z,so2,11.1
2026-06-21T22:00Z,o3,32.0
2026-06-21T23:00Z,pm10,353.0
2026-06-21T23:00Z,pm25,103.4
2026-06-21T23:00Z,co,272.0
2026-06-21T23:00Z,no2,29.8
2026-06-21T23:00Z,so2,11.2
2026-06-21T23:00Z,o3,26.0
2026-06-22T00:00Z,pm10,622.1
2026-06-22T00:00Z,pm25,128.1
2026-06-22T00:00Z,co,310.0
2026-06-22T00:00Z,no2,20.5
2026-06-22T00:00Z,so2,11.3
2026-06-22T00:00Z,o3,45.0
2026-06-22T01:00Z,pm10,556.9
2026-06-22T01:00Z,pm25,121.5
2026-06-22T01:00Z,co,333.0
2026-06-22T01:00Z,no2,20.0
2026-06-22T01:00Z,so2,12.7
2026-06-22T01:00Z,o3,49.0
2026-06-22T02:00Z,pm10,566.2
2026-06-22T02:00Z,pm25,122.0
2026-06-22T02:00Z,co,349.0
2026-06-22T02:00Z,no2,19.2
2026-06-22T02:00Z,so2,14.6
2026-06-22T02:00Z,o3,56.0
2026-06-22T03:00Z,pm10,678.0
2026-06-22T03:00Z,pm25,135.5
2026-06-22T03:00Z,co,350.0
2026-06-22T03:00Z,no2,17.5
2026-06-22T03:00Z,so2,16.2
2026-06-22T03:00Z,o3,71.0
2026-06-22T04:00Z,pm10,711.5
2026-06-22T04:00Z,pm25,144.4
2026-06-22T04:00Z,co,325.0
2026-06-22T04:00Z,no2,14.0
2026-06-22T04:00Z,so2,17.4
2026-06-22T04:00Z,o3,103.0
2026-06-22T05:00Z,pm10,665.0
2026-06-22T05:00Z,pm25,140.2
2026-06-22T05:00Z,co,286.0
2026-06-22T05:00Z,no2,9.6
2026-06-22T05:00Z,so2,18.3
2026-06-22T05:00Z,o3,144.0
2026-06-22T06:00Z,pm10,633.3
2026-06-22T06:00Z,pm25,131.3
2026-06-22T06:00Z,co,252.0
2026-06-22T06:00Z,no2,6.2
2026-06-22T06:00Z,so2,18.1
2026-06-22T06:00Z,o3,171.0
2026-06-22T07:00Z,pm10,599.8
2026-06-22T07:00Z,pm25,115.9
2026-06-22T07:00Z,co,232.0
2026-06-22T07:00Z,no2,4.5
2026-06-22T07:00Z,so2,16.0
2026-06-22T07:00Z,o3,174.0
2026-06-22T08:00Z,pm10,568.1
2026-06-22T08:00Z,pm25,102.4
2026-06-22T08:00Z,co,218.0
2026-06-22T08:00Z,no2,3.7
2026-06-22T08:00Z,so2,12.9
2026-06-22T08:00Z,o3,165.0
2026-06-22T09:00Z,pm10,603.5
2026-06-22T09:00Z,pm25,98.7
2026-06-22T09:00Z,co,211.0
2026-06-22T09:00Z,no2,4.0
2026-06-22T09:00Z,so2,10.6
2026-06-22T09:00Z,o3,154.0
2026-06-22T10:00Z,pm10,657.5
2026-06-22T10:00Z,pm25,101.3
2026-06-22T10:00Z,co,211.0
2026-06-22T10:00Z,no2,5.3
2026-06-22T10:00Z,so2,9.8
2026-06-22T10:00Z,o3,147.0
2026-06-22T11:00Z,pm10,728.3
2026-06-22T11:00Z,pm25,109.0
2026-06-22T11:00Z,co,219.0
2026-06-22T11:00Z,no2,7.7
2026-06-22T11:00Z,so2,9.8
2026-06-22T11:00Z,o3,139.0
2026-06-22T12:00Z,pm10,484.3
2026-06-22T12:00Z,pm25,80.1
2026-06-22T12:00Z,co,230.0
2026-06-22T12:00Z,no2,11.3
2026-06-22T12:00Z,so2,11.0
2026-06-22T12:00Z,o3,128.0
2026-06-22T13:00Z,pm10,437.7
2026-06-22T13:00Z,pm25,79.9
2026-06-22T13:00Z,co,242.0
2026-06-22T13:00Z,no2,15.9
2026-06-22T13:00Z,so2,12.7
2026-06-22T13:00Z,o3,115.0
2026-06-22T14:00Z,pm10,430.3
2026-06-22T14:00Z,pm25,80.1
2026-06-22T14:00Z,co,259.0
2026-06-22T14:00Z,no2,22.4
2026-06-22T14:00Z,so2,15.1
2026-06-22T14:00Z,o3,96.0
2026-06-22T15:00Z,pm10,359.5
2026-06-22T15:00Z,pm25,72.6
2026-06-22T15:00Z,co,287.0
2026-06-22T15:00Z,no2,27.8
2026-06-22T15:00Z,so2,16.8
2026-06-22T15:00Z,o3,80.0
2026-06-22T16:00Z,pm10,312.9
2026-06-22T16:00Z,pm25,65.2
2026-06-22T16:00Z,co,341.0
2026-06-22T16:00Z,no2,31.1
2026-06-22T16:00Z,so2,17.3
2026-06-22T16:00Z,o3,69.0
2026-06-22T17:00Z,pm10,287.8
2026-06-22T17:00Z,pm25,61.7
2026-06-22T17:00Z,co,407.0
2026-06-22T17:00Z,no2,33.2
2026-06-22T17:00Z,so2,17.3
2026-06-22T17:00Z,o3,60.0
2026-06-22T18:00Z,pm10,265.4
2026-06-22T18:00Z,pm25,59.6
2026-06-22T18:00Z,co,449.0
2026-06-22T18:00Z,no2,34.7
2026-06-22T18:00Z,so2,16.9
2026-06-22T18:00Z,o3,53.0
2026-06-22T19:00Z,pm10,236.6
2026-06-22T19:00Z,pm25,57.4
2026-06-22T19:00Z,co,449.0
2026-06-22T19:00Z,no2,35.4
2026-06-22T19:00Z,so2,16.2
2026-06-22T19:00Z,o3,46.0
2026-06-22T20:00Z,pm10,211.9
2026-06-22T20:00Z,pm25,56.0
2026-06-22T20:00Z,co,426.0
2026-06-22T20:00Z,no2,35.4
2026-06-22T20:00Z,so2,15.3
2026-06-22T20:00Z,o3,41.0
2026-06-22T21:00Z,pm10,192.8
2026-06-22T21:00Z,pm25,55.4
2026-06-22T21:00Z,co,400.0
2026-06-22T21:00Z,no2,35.1
2026-06-22T21:00Z,so2,14.5
2026-06-22T21:00Z,o3,37.0
2026-06-22T22:00Z,pm10,175.1
2026-06-22T22:00Z,pm25,52.9
2026-06-22T22:00Z,co,370.0
2026-06-22T22:00Z,no2,34.9
2026-06-22T22:00Z,so2,13.7
2026-06-22T22:00Z,o3,33.0
2026-06-22T23:00Z,pm10,169.0
2026-06-22T23:00Z,pm25,52.7
2026-06-22T23:00Z,co,337.0
2026-06-22T23:00Z,no2,34.4
2026-06-22T23:00Z,so2,13.1
2026-06-22T23:00Z,o3,30.0
2026-06-23T00:00Z,pm10,210.5
2026-06-23T00:00Z,pm25,73.8
2026-06-23T00:00Z,co,323.0
2026-06-23T00:00Z,no2,52.8
2026-06-23T00:00Z,so2,20.4
2026-06-23T00:00Z,o3,17.0
2026-06-23T01:00Z,pm10,210.9
2026-06-23T01:00Z,pm25,75.7
2026-06-23T01:00Z,co,350.0
2026-06-23T01:00Z,no2,45.4
2026-06-23T01:00Z,so2,22.3
2026-06-23T01:00Z,o3,39.0
2026-06-23T02:00Z,pm10,230.5
2026-06-23T02:00Z,pm25,79.4
2026-06-23T02:00Z,co,396.0
2026-06-23T02:00Z,no2,35.0
2026-06-23T02:00Z,so2,24.9
2026-06-23T02:00Z,o3,71.0
2026-06-23T03:00Z,pm10,251.5
2026-06-23T03:00Z,pm25,78.0
2026-06-23T03:00Z,co,413.0
2026-06-23T03:00Z,no2,25.4
2026-06-23T03:00Z,so2,26.0
2026-06-23T03:00Z,o3,102.0
2026-06-23T04:00Z,pm10,234.2
2026-06-23T04:00Z,pm25,71.7
2026-06-23T04:00Z,co,370.0
2026-06-23T04:00Z,no2,17.6
2026-06-23T04:00Z,so2,24.5
2026-06-23T04:00Z,o3,132.0
2026-06-23T05:00Z,pm10,260.8
2026-06-23T05:00Z,pm25,68.2
2026-06-23T05:00Z,co,297.0
2026-06-23T05:00Z,no2,10.7
2026-06-23T05:00Z,so2,21.6
2026-06-23T05:00Z,o3,162.0
2026-06-23T06:00Z,pm10,263.6
2026-06-23T06:00Z,pm25,63.8
2026-06-23T06:00Z,co,242.0
2026-06-23T06:00Z,no2,5.8
2026-06-23T06:00Z,so2,18.7
2026-06-23T06:00Z,o3,180.0
2026-06-23T07:00Z,pm10,292.4
2026-06-23T07:00Z,pm25,64.3
2026-06-23T07:00Z,co,224.0
2026-06-23T07:00Z,no2,3.5
2026-06-23T07:00Z,so2,15.9
2026-06-23T07:00Z,o3,180.0
2026-06-23T08:00Z,pm10,357.6
2026-06-23T08:00Z,pm25,70.1
2026-06-23T08:00Z,co,222.0
2026-06-23T08:00Z,no2,3.2
2026-06-23T08:00Z,so2,13.1
2026-06-23T08:00Z,o3,168.0
2026-06-23T09:00Z,pm10,363.2
2026-06-23T09:00Z,pm25,69.6
2026-06-23T09:00Z,co,226.0
2026-06-23T09:00Z,no2,3.7
2026-06-23T09:00Z,so2,11.0
2026-06-23T09:00Z,o3,155.0
2026-06-23T10:00Z,pm10,436.8
2026-06-23T10:00Z,pm25,76.1
2026-06-23T10:00Z,co,229.0
2026-06-23T10:00Z,no2,4.3
2026-06-23T10:00Z,so2,9.7
2026-06-23T10:00Z,o3,145.0
2026-06-23T11:00Z,pm10,433.1
2026-06-23T11:00Z,pm25,75.7
2026-06-23T11:00Z,co,236.0
2026-06-23T11:00Z,no2,5.9
2026-06-23T11:00Z,so2,9.0
2026-06-23T11:00Z,o3,135.0
2026-06-23T12:00Z,pm10,506.6
2026-06-23T12:00Z,pm25,91.0
2026-06-23T12:00Z,co,252.0
2026-06-23T12:00Z,no2,14.7
2026-06-23T12:00Z,so2,8.5
2026-06-23T12:00Z,o3,93.0
2026-06-23T13:00Z,pm10,478.7
2026-06-23T13:00Z,pm25,89.4
2026-06-23T13:00Z,co,284.0
2026-06-23T13:00Z,no2,20.3
2026-06-23T13:00Z,so2,10.4
2026-06-23T13:00Z,o3,82.0
2026-06-23T14:00Z,pm10,448.9
2026-06-23T14:00Z,pm25,91.5
2026-06-23T14:00Z,co,324.0
2026-06-23T14:00Z,no2,28.5
2026-06-23T14:00Z,so2,13.2
2026-06-23T14:00Z,o3,66.0
2026-06-23T15:00Z,pm10,435.9
2026-06-23T15:00Z,pm25,96.2
2026-06-23T15:00Z,co,353.0
2026-06-23T15:00Z,no2,37.1
2026-06-23T15:00Z,so2,16.4
2026-06-23T15:00Z,o3,50.0
2026-06-23T16:00Z,pm10,416.3
2026-06-23T16:00Z,pm25,101.0
2026-06-23T16:00Z,co,360.0
2026-06-23T16:00Z,no2,46.8
2026-06-23T16:00Z,so2,20.6
2026-06-23T16:00Z,o3,36.0
2026-06-23T17:00Z,pm10,414.4
2026-06-23T17:00Z,pm25,109.0
2026-06-23T17:00Z,co,356.0
2026-06-23T17:00Z,no2,57.0
2026-06-23T17:00Z,so2,25.2
2026-06-23T17:00Z,o3,22.0
2026-06-23T18:00Z,pm10,391.2
2026-06-23T18:00Z,pm25,115.3
2026-06-23T18:00Z,co,349.0
2026-06-23T18:00Z,no2,64.1
2026-06-23T18:00Z,so2,28.2
2026-06-23T18:00Z,o3,12.0
2026-06-23T19:00Z,pm10,372.5
2026-06-23T19:00Z,pm25,115.9
2026-06-23T19:00Z,co,340.0
2026-06-23T19:00Z,no2,66.0
2026-06-23T19:00Z,so2,28.3
2026-06-23T19:00Z,o3,8.0
2026-06-23T20:00Z,pm10,365.1
2026-06-23T20:00Z,pm25,116.4
2026-06-23T20:00Z,co,328.0
2026-06-23T20:00Z,no2,64.8
2026-06-23T20:00Z,so2,26.9
2026-06-23T20:00Z,o3,7.0
2026-06-23T21:00Z,pm10,353.9
2026-06-23T21:00Z,pm25,116.6
2026-06-23T21:00Z,co,318.0
2026-06-23T21:00Z,no2,63.0
2026-06-23T21:00Z,so2,25.8
2026-06-23T21:00Z,o3,7.0
2026-06-23T22:00Z,pm10,339.9
2026-06-23T22:00Z,pm25,116.2
2026-06-23T22:00Z,co,310.0
2026-06-23T22:00Z,no2,62.3
2026-06-23T22:00Z,so2,26.0
2026-06-23T22:00Z,o3,4.0
2026-06-23T23:00Z,pm10,333.4
2026-06-23T23:00Z,pm25,116.9
2026-06-23T23:00Z,co,305.0
2026-06-23T23:00Z,no2,61.1
2026-06-23T23:00Z,so2,26.4
2026-06-23T23:00Z,o3,2.0
2026-06-24T00:00Z,pm10,421.0
2026-06-24T00:00Z,pm25,128.5
2026-06-24T00:00Z,co,311.0
2026-06-24T00:00Z,no2,54.2
2026-06-24T00:00Z,so2,22.3
2026-06-24T00:00Z,o3,10.0
2026-06-24T01:00Z,pm10,379.0
2026-06-24T01:00Z,pm25,125.7
2026-06-24T01:00Z,co,346.0
2026-06-24T01:00Z,no2,48.0
2026-06-24T01:00Z,so2,24.7
2026-06-24T01:00Z,o3,24.0
2026-06-24T02:00Z,pm10,377.2
2026-06-24T02:00Z,pm25,118.7
2026-06-24T02:00Z,co,392.0
2026-06-24T02:00Z,no2,39.2
2026-06-24T02:00Z,so2,27.9
2026-06-24T02:00Z,o3,44.0
2026-06-24T03:00Z,pm10,457.3
2026-06-24T03:00Z,pm25,112.9
2026-06-24T03:00Z,co,410.0
2026-06-24T03:00Z,no2,30.5
2026-06-24T03:00Z,so2,28.9
2026-06-24T03:00Z,o3,66.0
2026-06-24T04:00Z,pm10,422.8
2026-06-24T04:00Z,pm25,98.7
2026-06-24T04:00Z,co,373.0
2026-06-24T04:00Z,no2,22.0
2026-06-24T04:00Z,so2,25.6
2026-06-24T04:00Z,o3,90.0
2026-06-24T05:00Z,pm10,374.4
2026-06-24T05:00Z,pm25,88.2
2026-06-24T05:00Z,co,307.0
2026-06-24T05:00Z,no2,13.6
2026-06-24T05:00Z,so2,20.2
2026-06-24T05:00Z,o3,116.0
2026-06-24T06:00Z,pm10,383.7
2026-06-24T06:00Z,pm25,85.7
2026-06-24T06:00Z,co,254.0
2026-06-24T06:00Z,no2,7.4
2026-06-24T06:00Z,so2,15.8
2026-06-24T06:00Z,o3,136.0
2026-06-24T07:00Z,pm10,418.2
2026-06-24T07:00Z,pm25,87.5
2026-06-24T07:00Z,co,230.0
2026-06-24T07:00Z,no2,4.5
2026-06-24T07:00Z,so2,13.7
2026-06-24T07:00Z,o3,147.0
2026-06-24T08:00Z,pm10,427.5
2026-06-24T08:00Z,pm25,85.7
2026-06-24T08:00Z,co,218.0
2026-06-24T08:00Z,no2,3.9
2026-06-24T08:00Z,so2,12.6
2026-06-24T08:00Z,o3,152.0
2026-06-24T09:00Z,pm10,380.0
2026-06-24T09:00Z,pm25,77.8
2026-06-24T09:00Z,co,214.0
2026-06-24T09:00Z,no2,4.2
2026-06-24T09:00Z,so2,12.0
2026-06-24T09:00Z,o3,153.0
2026-06-24T10:00Z,pm10,365.1
2026-06-24T10:00Z,pm25,74.7
2026-06-24T10:00Z,co,211.0
2026-06-24T10:00Z,no2,4.5
2026-06-24T10:00Z,so2,11.6
2026-06-24T10:00Z,o3,153.0
2026-06-24T11:00Z,pm10,395.8
2026-06-24T11:00Z,pm25,77.1
2026-06-24T11:00Z,co,216.0
2026-06-24T11:00Z,no2,5.9
2026-06-24T11:00Z,so2,11.6
2026-06-24T11:00Z,o3,149.0
2026-06-24T12:00Z,pm10,377.2
2026-06-24T12:00Z,pm25,76.6
2026-06-24T12:00Z,co,240.0
2026-06-24T12:00Z,no2,10.0
2026-06-24T12:00Z,so2,12.6
2026-06-24T12:00Z,o3,139.0
2026-06-24T13:00Z,pm10,331.6
2026-06-24T13:00Z,pm25,79.4
2026-06-24T13:00Z,co,289.0
2026-06-24T13:00Z,no2,18.8
2026-06-24T13:00Z,so2,14.7
2026-06-24T13:00Z,o3,120.0
2026-06-24T14:00Z,pm10,318.5
2026-06-24T14:00Z,pm25,85.2
2026-06-24T14:00Z,co,357.0
2026-06-24T14:00Z,no2,30.4
2026-06-24T14:00Z,so2,17.7
2026-06-24T14:00Z,o3,95.0
2026-06-24T15:00Z,pm10,328.8
2026-06-24T15:00Z,pm25,93.1
2026-06-24T15:00Z,co,438.0
2026-06-24T15:00Z,no2,41.1
2026-06-24T15:00Z,so2,21.2
2026-06-24T15:00Z,o3,74.0
2026-06-24T16:00Z,pm10,350.2
2026-06-24T16:00Z,pm25,102.0
2026-06-24T16:00Z,co,544.0
2026-06-24T16:00Z,no2,50.3
2026-06-24T16:00Z,so2,25.6
2026-06-24T16:00Z,o3,59.0
2026-06-24T17:00Z,pm10,364.1
2026-06-24T17:00Z,pm25,113.9
2026-06-24T17:00Z,co,663.0
2026-06-24T17:00Z,no2,58.5
2026-06-24T17:00Z,so2,30.5
2026-06-24T17:00Z,o3,48.0
2026-06-24T18:00Z,pm10,366.0
2026-06-24T18:00Z,pm25,121.5
2026-06-24T18:00Z,co,748.0
2026-06-24T18:00Z,no2,63.5
2026-06-24T18:00Z,so2,33.8
2026-06-24T18:00Z,o3,40.0
2026-06-24T19:00Z,pm10,357.6
2026-06-24T19:00Z,pm25,121.5
2026-06-24T19:00Z,co,768.0
2026-06-24T19:00Z,no2,62.9
2026-06-24T19:00Z,so2,34.0
2026-06-24T19:00Z,o3,38.0
2026-06-24T20:00Z,pm10,349.2
2026-06-24T20:00Z,pm25,120.1
2026-06-24T20:00Z,co,756.0
2026-06-24T20:00Z,no2,59.1
2026-06-24T20:00Z,so2,32.6
2026-06-24T20:00Z,o3,39.0
2026-06-24T21:00Z,pm10,338.1
2026-06-24T21:00Z,pm25,119.7
2026-06-24T21:00Z,co,761.0
2026-06-24T21:00Z,no2,56.8
2026-06-24T21:00Z,so2,31.8
2026-06-24T21:00Z,o3,39.0
2026-06-24T22:00Z,pm10,331.6
2026-06-24T22:00Z,pm25,120.6
2026-06-24T22:00Z,co,822.0
2026-06-24T22:00Z,no2,59.5
2026-06-24T22:00Z,so2,32.4
2026-06-24T22:00Z,o3,31.0
2026-06-24T23:00Z,pm10,334.3
2026-06-24T23:00Z,pm25,123.9
2026-06-24T23:00Z,co,901.0
2026-06-24T23:00Z,no2,63.7
2026-06-24T23:00Z,so2,33.6
2026-06-24T23:00Z,o3,21.0
2026-06-25T00:00Z,pm10,336.2
2026-06-25T00:00Z,pm25,129.0
2026-06-25T00:00Z,co,933.0
2026-06-25T00:00Z,no2,64.4
2026-06-25T00:00Z,so2,35.4
2026-06-25T00:00Z,o3,24.0
2026-06-25T01:00Z,pm10,313.9
2026-06-25T01:00Z,pm25,131.8
2026-06-25T01:00Z,co,888.0
2026-06-25T01:00Z,no2,58.9
2026-06-25T01:00Z,so2,38.9
2026-06-25T01:00Z,o3,50.0
2026-06-25T02:00Z,pm10,291.5
2026-06-25T02:00Z,pm25,122.5
2026-06-25T02:00Z,co,797.0
2026-06-25T02:00Z,no2,49.8
2026-06-25T02:00Z,so2,43.0
2026-06-25T02:00Z,o3,89.0
2026-06-25T03:00Z,pm10,332.5
2026-06-25T03:00Z,pm25,118.3
2026-06-25T03:00Z,co,686.0
2026-06-25T03:00Z,no2,40.1
2026-06-25T03:00Z,so2,44.7
2026-06-25T03:00Z,o3,125.0
2026-06-25T04:00Z,pm10,358.6
2026-06-25T04:00Z,pm25,112.2
2026-06-25T04:00Z,co,542.0
2026-06-25T04:00Z,no2,29.5
2026-06-25T04:00Z,so2,42.3
2026-06-25T04:00Z,o3,154.0
2026-06-25T05:00Z,pm10,361.4
2026-06-25T05:00Z,pm25,105.2
2026-06-25T05:00Z,co,379.0
2026-06-25T05:00Z,no2,18.3
2026-06-25T05:00Z,so2,37.6
2026-06-25T05:00Z,o3,179.0
2026-06-25T06:00Z,pm10,335.3
2026-06-25T06:00Z,pm25,98.5
2026-06-25T06:00Z,co,263.0
2026-06-25T06:00Z,no2,9.9
2026-06-25T06:00Z,so2,32.8
2026-06-25T06:00Z,o3,197.0
2026-06-25T07:00Z,pm10,312.9
2026-06-25T07:00Z,pm25,93.4
2026-06-25T07:00Z,co,231.0
2026-06-25T07:00Z,no2,6.0
2026-06-25T07:00Z,so2,28.3
2026-06-25T07:00Z,o3,206.0
2026-06-25T08:00Z,pm10,299.0
2026-06-25T08:00Z,pm25,90.3
2026-06-25T08:00Z,co,246.0
2026-06-25T08:00Z,no2,5.0
2026-06-25T08:00Z,so2,23.7
2026-06-25T08:00Z,o3,208.0
2026-06-25T09:00Z,pm10,284.1
2026-06-25T09:00Z,pm25,85.4
2026-06-25T09:00Z,co,265.0
2026-06-25T09:00Z,no2,5.2
2026-06-25T09:00Z,so2,19.8
2026-06-25T09:00Z,o3,202.0
2026-06-25T10:00Z,pm10,289.6
2026-06-25T10:00Z,pm25,82.4
2026-06-25T10:00Z,co,262.0
2026-06-25T10:00Z,no2,5.5
2026-06-25T10:00Z,so2,16.5
2026-06-25T10:00Z,o3,187.0
2026-06-25T11:00Z,pm10,285.9
2026-06-25T11:00Z,pm25,78.0
2026-06-25T11:00Z,co,263.0
2026-06-25T11:00Z,no2,7.0
2026-06-25T11:00Z,so2,13.9
2026-06-25T11:00Z,o3,164.0
2026-06-25T12:00Z,pm10,165.8
2026-06-25T12:00Z,pm25,56.5
2026-06-25T12:00Z,co,296.0
2026-06-25T12:00Z,no2,11.0
2026-06-25T12:00Z,so2,20.7
2026-06-25T12:00Z,o3,198.0
2026-06-25T13:00Z,pm10,152.3
2026-06-25T13:00Z,pm25,58.8
2026-06-25T13:00Z,co,388.0
2026-06-25T13:00Z,no2,22.2
2026-06-25T13:00Z,so2,22.4
2026-06-25T13:00Z,o3,168.0
2026-06-25T14:00Z,pm10,156.0
2026-06-25T14:00Z,pm25,68.0
2026-06-25T14:00Z,co,513.0
2026-06-25T14:00Z,no2,37.6
2026-06-25T14:00Z,so2,24.7
2026-06-25T14:00Z,o3,126.0
2026-06-25T15:00Z,pm10,156.0
2026-06-25T15:00Z,pm25,75.4
2026-06-25T15:00Z,co,620.0
2026-06-25T15:00Z,no2,48.7
2026-06-25T15:00Z,so2,26.5
2026-06-25T15:00Z,o3,92.0
2026-06-25T16:00Z,pm10,149.5
2026-06-25T16:00Z,pm25,71.7
2026-06-25T16:00Z,co,693.0
2026-06-25T16:00Z,no2,51.0
2026-06-25T16:00Z,so2,27.3
2026-06-25T16:00Z,o3,74.0
2026-06-25T17:00Z,pm10,150.4
2026-06-25T17:00Z,pm25,72.4
2026-06-25T17:00Z,co,748.0
2026-06-25T17:00Z,no2,49.1
2026-06-25T17:00Z,so2,27.7
2026-06-25T17:00Z,o3,63.0
2026-06-25T18:00Z,pm10,200.7
2026-06-25T18:00Z,pm25,79.2
2026-06-25T18:00Z,co,783.0
2026-06-25T18:00Z,no2,48.4
2026-06-25T18:00Z,so2,27.9
2026-06-25T18:00Z,o3,53.0
2026-06-25T19:00Z,pm10,233.3
2026-06-25T19:00Z,pm25,83.4
2026-06-25T19:00Z,co,794.0
2026-06-25T19:00Z,no2,51.4
2026-06-25T19:00Z,so2,27.8
2026-06-25T19:00Z,o3,43.0
2026-06-25T20:00Z,pm10,207.2
2026-06-25T20:00Z,pm25,83.4
2026-06-25T20:00Z,co,786.0
2026-06-25T20:00Z,no2,55.8
2026-06-25T20:00Z,so2,27.6
2026-06-25T20:00Z,o3,33.0
2026-06-25T21:00Z,pm10,202.1
2026-06-25T21:00Z,pm25,86.1
2026-06-25T21:00Z,co,772.0
2026-06-25T21:00Z,no2,59.6
2026-06-25T21:00Z,so2,27.9
2026-06-25T21:00Z,o3,26.0
2026-06-25T22:00Z,pm10,205.4
2026-06-25T22:00Z,pm25,88.2
2026-06-25T22:00Z,co,759.0
2026-06-25T22:00Z,no2,63.7
2026-06-25T22:00Z,so2,29.1
2026-06-25T22:00Z,o3,17.0
2026-06-25T23:00Z,pm10,207.7
2026-06-25T23:00Z,pm25,91.0
2026-06-25T23:00Z,co,741.0
2026-06-25T23:00Z,no2,67.3
2026-06-25T23:00Z,so2,30.9
2026-06-25T23:00Z,o3,10.0
2026-06-26T00:00Z,pm10,202.1
2026-06-26T00:00Z,pm25,105.7
2026-06-26T00:00Z,co,713.0
2026-06-26T00:00Z,no2,64.3
2026-06-26T00:00Z,so2,28.1
2026-06-26T00:00Z,o3,23.0
2026-06-26T01:00Z,pm10,188.6
2026-06-26T01:00Z,pm25,101.5
2026-06-26T01:00Z,co,672.0
2026-06-26T01:00Z,no2,55.0
2026-06-26T01:00Z,so2,29.6
2026-06-26T01:00Z,o3,41.0
2026-06-26T02:00Z,pm10,186.7
2026-06-26T02:00Z,pm25,89.9
2026-06-26T02:00Z,co,620.0
2026-06-26T02:00Z,no2,41.8
2026-06-26T02:00Z,so2,31.6
2026-06-26T02:00Z,o3,68.0
2026-06-26T03:00Z,pm10,196.0
2026-06-26T03:00Z,pm25,79.2
2026-06-26T03:00Z,co,562.0
2026-06-26T03:00Z,no2,30.0
2026-06-26T03:00Z,so2,31.9
2026-06-26T03:00Z,o3,98.0
2026-06-26T04:00Z,pm10,200.2
2026-06-26T04:00Z,pm25,77.3
2026-06-26T04:00Z,co,491.0
2026-06-26T04:00Z,no2,20.9
2026-06-26T04:00Z,so2,29.2
2026-06-26T04:00Z,o3,136.0
2026-06-26T05:00Z,pm10,177.4
2026-06-26T05:00Z,pm25,69.8
2026-06-26T05:00Z,co,414.0
2026-06-26T05:00Z,no2,13.0
2026-06-26T05:00Z,so2,24.8
2026-06-26T05:00Z,o3,177.0
2026-06-26T06:00Z,pm10,155.5
2026-06-26T06:00Z,pm25,62.2
2026-06-26T06:00Z,co,353.0
2026-06-26T06:00Z,no2,7.4
2026-06-26T06:00Z,so2,21.0
2026-06-26T06:00Z,o3,206.0
2026-06-26T07:00Z,pm10,137.4
2026-06-26T07:00Z,pm25,52.3
2026-06-26T07:00Z,co,312.0
2026-06-26T07:00Z,no2,4.7
2026-06-26T07:00Z,so2,18.5
2026-06-26T07:00Z,o3,214.0
2026-06-26T08:00Z,pm10,152.3
2026-06-26T08:00Z,pm25,51.3
2026-06-26T08:00Z,co,287.0
2026-06-26T08:00Z,no2,4.2
2026-06-26T08:00Z,so2,16.5
2026-06-26T08:00Z,o3,209.0
2026-06-26T09:00Z,pm10,155.1
2026-06-26T09:00Z,pm25,51.1
2026-06-26T09:00Z,co,285.0
2026-06-26T09:00Z,no2,4.7
2026-06-26T09:00Z,so2,14.8
2026-06-26T09:00Z,o3,198.0
2026-06-26T10:00Z,pm10,156.9
2026-06-26T10:00Z,pm25,48.9
2026-06-26T10:00Z,co,314.0
2026-06-26T10:00Z,no2,5.3
2026-06-26T10:00Z,so2,13.1
2026-06-26T10:00Z,o3,183.0
2026-06-26T11:00Z,pm10,195.1
2026-06-26T11:00Z,pm25,52.2
2026-06-26T11:00Z,co,366.0
2026-06-26T11:00Z,no2,6.9
2026-06-26T11:00Z,so2,11.7
2026-06-26T11:00Z,o3,163.0
2026-06-26T12:00Z,pm10,156.5
2026-06-26T12:00Z,pm25,51.7
2026-06-26T12:00Z,co,422.0
2026-06-26T12:00Z,no2,12.7
2026-06-26T12:00Z,so2,14.3
2026-06-26T12:00Z,o3,161.0
2026-06-26T13:00Z,pm10,151.8
2026-06-26T13:00Z,pm25,57.2
2026-06-26T13:00Z,co,473.0
2026-06-26T13:00Z,no2,19.1
2026-06-26T13:00Z,so2,16.3
2026-06-26T13:00Z,o3,143.0
2026-06-26T14:00Z,pm10,155.1
2026-06-26T14:00Z,pm25,65.7
2026-06-26T14:00Z,co,527.0
2026-06-26T14:00Z,no2,28.2
2026-06-26T14:00Z,so2,19.1
2026-06-26T14:00Z,o3,118.0
2026-06-26T15:00Z,pm10,170.9
2026-06-26T15:00Z,pm25,65.7
2026-06-26T15:00Z,co,594.0
2026-06-26T15:00Z,no2,36.6
2026-06-26T15:00Z,so2,21.4
2026-06-26T15:00Z,o3,95.0
2026-06-26T16:00Z,pm10,183.9
2026-06-26T16:00Z,pm25,69.6
2026-06-26T16:00Z,co,693.0
2026-06-26T16:00Z,no2,43.9
2026-06-26T16:00Z,so2,23.2
2026-06-26T16:00Z,o3,77.0
2026-06-26T17:00Z,pm10,189.5
2026-06-26T17:00Z,pm25,77.1
2026-06-26T17:00Z,co,805.0
2026-06-26T17:00Z,no2,50.5
2026-06-26T17:00Z,so2,24.5
2026-06-26T17:00Z,o3,60.0
2026-06-26T18:00Z,pm10,204.9
2026-06-26T18:00Z,pm25,82.9
2026-06-26T18:00Z,co,880.0
2026-06-26T18:00Z,no2,54.1
2026-06-26T18:00Z,so2,24.6
2026-06-26T18:00Z,o3,48.0
2026-06-26T19:00Z,pm10,214.7
2026-06-26T19:00Z,pm25,85.2
2026-06-26T19:00Z,co,899.0
2026-06-26T19:00Z,no2,52.8
2026-06-26T19:00Z,so2,22.7
2026-06-26T19:00Z,o3,41.0
2026-06-26T20:00Z,pm10,210.5
2026-06-26T20:00Z,pm25,81.7
2026-06-26T20:00Z,co,881.0
2026-06-26T20:00Z,no2,48.4
2026-06-26T20:00Z,so2,19.6
2026-06-26T20:00Z,o3,38.0
2026-06-26T21:00Z,pm10,188.6
2026-06-26T21:00Z,pm25,73.8
2026-06-26T21:00Z,co,836.0
2026-06-26T21:00Z,no2,44.1
2026-06-26T21:00Z,so2,17.0
2026-06-26T21:00Z,o3,36.0
2026-06-26T22:00Z,pm10,174.2
2026-06-26T22:00Z,pm25,68.5
2026-06-26T22:00Z,co,751.0
2026-06-26T22:00Z,no2,40.9
2026-06-26T22:00Z,so2,15.1
2026-06-26T22:00Z,o3,31.0
2026-06-26T23:00Z,pm10,175.6
2026-06-26T23:00Z,pm25,66.8
2026-06-26T23:00Z,co,640.0
2026-06-26T23:00Z,no2,37.7
2026-06-26T23:00Z,so2,13.7
2026-06-26T23:00Z,o3,27.0
2026-06-27T00:00Z,pm10,273.8
2026-06-27T00:00Z,pm25,73.1
2026-06-27T00:00Z,co,554.0
2026-06-27T00:00Z,no2,24.3
2026-06-27T00:00Z,so2,12.1
2026-06-27T00:00Z,o3,57.0
2026-06-27T01:00Z,pm10,337.1
2026-06-27T01:00Z,pm25,86.8
2026-06-27T01:00Z,co,524.0
2026-06-27T01:00Z,no2,23.5
2026-06-27T01:00Z,so2,13.5
2026-06-27T01:00Z,o3,65.0
2026-06-27T02:00Z,pm10,434.0
2026-06-27T02:00Z,pm25,105.0
2026-06-27T02:00Z,co,519.0
2026-06-27T02:00Z,no2,22.3
2026-06-27T02:00Z,so2,15.4
2026-06-27T02:00Z,o3,77.0
2026-06-27T03:00Z,pm10,484.3
2026-06-27T03:00Z,pm25,116.9
2026-06-27T03:00Z,co,498.0
2026-06-27T03:00Z,no2,20.1
2026-06-27T03:00Z,so2,17.1
2026-06-27T03:00Z,o3,96.0
2026-06-27T04:00Z,pm10,446.1
2026-06-27T04:00Z,pm25,117.3
2026-06-27T04:00Z,co,436.0
2026-06-27T04:00Z,no2,16.0
2026-06-27T04:00Z,so2,18.4
2026-06-27T04:00Z,o3,131.0
2026-06-27T05:00Z,pm10,380.0
2026-06-27T05:00Z,pm25,110.6
2026-06-27T05:00Z,co,359.0
2026-06-27T05:00Z,no2,11.0
2026-06-27T05:00Z,so2,19.4
2026-06-27T05:00Z,o3,173.0
2026-06-27T06:00Z,pm10,318.5
2026-06-27T06:00Z,pm25,101.0
2026-06-27T06:00Z,co,302.0
2026-06-27T06:00Z,no2,7.1
2026-06-27T06:00Z,so2,19.6
2026-06-27T06:00Z,o3,202.0
2026-06-27T07:00Z,pm10,286.8
2026-06-27T07:00Z,pm25,93.4
2026-06-27T07:00Z,co,286.0
2026-06-27T07:00Z,no2,5.1
2026-06-27T07:00Z,so2,18.4
2026-06-27T07:00Z,o3,209.0
2026-06-27T08:00Z,pm10,258.9
2026-06-27T08:00Z,pm25,85.4
2026-06-27T08:00Z,co,290.0
2026-06-27T08:00Z,no2,4.3
2026-06-27T08:00Z,so2,16.4
2026-06-27T08:00Z,o3,204.0
2026-06-27T09:00Z,pm10,263.6
2026-06-27T09:00Z,pm25,83.6
2026-06-27T09:00Z,co,294.0
2026-06-27T09:00Z,no2,4.4
2026-06-27T09:00Z,so2,14.6
2026-06-27T09:00Z,o3,194.0
2026-06-27T10:00Z,pm10,246.8
2026-06-27T10:00Z,pm25,76.8
2026-06-27T10:00Z,co,288.0
2026-06-27T10:00Z,no2,5.1
2026-06-27T10:00Z,so2,13.2
2026-06-27T10:00Z,o3,180.0
2026-06-27T11:00Z,pm10,234.2
2026-06-27T11:00Z,pm25,72.4
2026-06-27T11:00Z,co,282.0
2026-06-27T11:00Z,no2,6.8
2026-06-27T11:00Z,so2,12.1
2026-06-27T11:00Z,o3,162.0
2026-06-27T12:00Z,pm10,216.1
2026-06-27T12:00Z,pm25,68.0
2026-06-27T12:00Z,co,283.0
2026-06-27T12:00Z,no2,11.3
2026-06-27T12:00Z,so2,12.8
2026-06-27T12:00Z,o3,146.0
2026-06-27T13:00Z,pm10,208.2
2026-06-27T13:00Z,pm25,70.1
2026-06-27T13:00Z,co,291.0
2026-06-27T13:00Z,no2,19.7
2026-06-27T13:00Z,so2,14.1
2026-06-27T13:00Z,o3,126.0
2026-06-27T14:00Z,pm10,218.4
2026-06-27T14:00Z,pm25,76.8
2026-06-27T14:00Z,co,307.0
2026-06-27T14:00Z,no2,31.6
2026-06-27T14:00Z,so2,16.0
2026-06-27T14:00Z,o3,99.0
2026-06-27T15:00Z,pm10,228.2
2026-06-27T15:00Z,pm25,85.4
2026-06-27T15:00Z,co,335.0
2026-06-27T15:00Z,no2,43.6
2026-06-27T15:00Z,so2,18.5
2026-06-27T15:00Z,o3,74.0
2026-06-27T16:00Z,pm10,245.9
2026-06-27T16:00Z,pm25,94.8
2026-06-27T16:00Z,co,376.0
2026-06-27T16:00Z,no2,55.5
2026-06-27T16:00Z,so2,22.1
2026-06-27T16:00Z,o3,55.0
2026-06-27T17:00Z,pm10,270.1
2026-06-27T17:00Z,pm25,104.5
2026-06-27T17:00Z,co,431.0
2026-06-27T17:00Z,no2,67.5
2026-06-27T17:00Z,so2,26.3
2026-06-27T17:00Z,o3,39.0
2026-06-27T18:00Z,pm10,268.2
2026-06-27T18:00Z,pm25,112.0
2026-06-27T18:00Z,co,504.0
2026-06-27T18:00Z,no2,76.5
2026-06-27T18:00Z,so2,29.3
2026-06-27T18:00Z,o3,26.0
2026-06-27T19:00Z,pm10,258.0
2026-06-27T19:00Z,pm25,115.7
2026-06-27T19:00Z,co,635.0
2026-06-27T19:00Z,no2,81.0
2026-06-27T19:00Z,so2,30.5
2026-06-27T19:00Z,o3,17.0
2026-06-27T20:00Z,pm10,245.9
2026-06-27T20:00Z,pm25,116.2
2026-06-27T20:00Z,co,784.0
2026-06-27T20:00Z,no2,82.5
2026-06-27T20:00Z,so2,30.6
2026-06-27T20:00Z,o3,12.0
2026-06-27T21:00Z,pm10,236.1
2026-06-27T21:00Z,pm25,116.9
2026-06-27T21:00Z,co,840.0
2026-06-27T21:00Z,no2,81.9
2026-06-27T21:00Z,so2,30.1
2026-06-27T21:00Z,o3,8.0
2026-06-27T22:00Z,pm10,226.8
2026-06-27T22:00Z,pm25,116.6
2026-06-27T22:00Z,co,711.0
2026-06-27T22:00Z,no2,80.1
2026-06-27T22:00Z,so2,28.6
2026-06-27T22:00Z,o3,3.0
2026-06-27T23:00Z,pm10,222.1
2026-06-27T23:00Z,pm25,115.7
2026-06-27T23:00Z,co,488.0
2026-06-27T23:00Z,no2,76.2
2026-06-27T23:00Z,so2,26.3
2026-06-27T23:00Z,o3,0.0
2026-06-28T00:00Z,pm10,181.6
2026-06-28T00:00Z,pm25,71.7
2026-06-28T00:00Z,co,331.0
2026-06-28T00:00Z,no2,33.3
2026-06-28T00:00Z,so2,18.4
2026-06-28T00:00Z,o3,36.0
2026-06-28T01:00Z,pm10,165.3
2026-06-28T01:00Z,pm25,71.0
2026-06-28T01:00Z,co,320.0
2026-06-28T01:00Z,no2,30.5
2026-06-28T01:00Z,so2,21.0
2026-06-28T01:00Z,o3,46.0
2026-06-28T02:00Z,pm10,182.1
2026-06-28T02:00Z,pm25,72.6
2026-06-28T02:00Z,co,375.0
2026-06-28T02:00Z,no2,26.5
2026-06-28T02:00Z,so2,24.5
2026-06-28T02:00Z,o3,60.0
2026-06-28T03:00Z,pm10,217.0
2026-06-28T03:00Z,pm25,75.0
2026-06-28T03:00Z,co,411.0
2026-06-28T03:00Z,no2,22.0
2026-06-28T03:00Z,so2,26.5
2026-06-28T03:00Z,o3,83.0
2026-06-28T04:00Z,pm10,231.9
2026-06-28T04:00Z,pm25,76.8
2026-06-28T04:00Z,co,393.0
2026-06-28T04:00Z,no2,16.6
2026-06-28T04:00Z,so2,25.7
2026-06-28T04:00Z,o3,121.0
2026-06-28T05:00Z,pm10,226.8
2026-06-28T05:00Z,pm25,76.8
2026-06-28T05:00Z,co,356.0
2026-06-28T05:00Z,no2,10.7
2026-06-28T05:00Z,so2,23.4
2026-06-28T05:00Z,o3,166.0
2026-06-28T06:00Z,pm10,196.0
2026-06-28T06:00Z,pm25,71.2
2026-06-28T06:00Z,co,325.0
2026-06-28T06:00Z,no2,6.3
2026-06-28T06:00Z,so2,21.1
2026-06-28T06:00Z,o3,199.0
2026-06-28T07:00Z,pm10,175.6
2026-06-28T07:00Z,pm25,66.4
2026-06-28T07:00Z,co,305.0
2026-06-28T07:00Z,no2,4.3
2026-06-28T07:00Z,so2,19.2
2026-06-28T07:00Z,o3,210.0
2026-06-28T08:00Z,pm10,182.1
2026-06-28T08:00Z,pm25,65.4
2026-06-28T08:00Z,co,290.0
2026-06-28T08:00Z,no2,3.8
2026-06-28T08:00Z,so2,17.2
2026-06-28T08:00Z,o3,209.0
2026-06-28T09:00Z,pm10,169.5
2026-06-28T09:00Z,pm25,62.2
2026-06-28T09:00Z,co,285.0
2026-06-28T09:00Z,no2,4.1
2026-06-28T09:00Z,so2,15.8
2026-06-28T09:00Z,o3,203.0
2026-06-28T10:00Z,pm10,187.2
2026-06-28T10:00Z,pm25,63.8
2026-06-28T10:00Z,co,293.0
2026-06-28T10:00Z,no2,4.8
2026-06-28T10:00Z,so2,15.0
2026-06-28T10:00Z,o3,195.0
2026-06-28T11:00Z,pm10,177.0
2026-06-28T11:00Z,pm25,62.2
2026-06-28T11:00Z,co,311.0
2026-06-28T11:00Z,no2,6.2
2026-06-28T11:00Z,so2,14.8
2026-06-28T11:00Z,o3,182.0
2026-06-28T12:00Z,pm10,168.1
2026-06-28T12:00Z,pm25,62.6
2026-06-28T12:00Z,co,328.0
2026-06-28T12:00Z,no2,8.9
2026-06-28T12:00Z,so2,15.2
2026-06-28T12:00Z,o3,167.0
2026-06-28T13:00Z,pm10,178.8
2026-06-28T13:00Z,pm25,67.5
2026-06-28T13:00Z,co,338.0
2026-06-28T13:00Z,no2,13.1
2026-06-28T13:00Z,so2,16.4
2026-06-28T13:00Z,o3,149.0
2026-06-28T14:00Z,pm10,235.2
2026-06-28T14:00Z,pm25,81.3
2026-06-28T14:00Z,co,348.0
2026-06-28T14:00Z,no2,18.6
2026-06-28T14:00Z,so2,18.3
2026-06-28T14:00Z,o3,128.0
2026-06-28T15:00Z,pm10,232.8
2026-06-28T15:00Z,pm25,87.5
2026-06-28T15:00Z,co,369.0
2026-06-28T15:00Z,no2,24.9
2026-06-28T15:00Z,so2,20.6
2026-06-28T15:00Z,o3,108.0
2026-06-28T16:00Z,pm10,254.3
2026-06-28T16:00Z,pm25,97.6
2026-06-28T16:00Z,co,412.0
2026-06-28T16:00Z,no2,32.7
2026-06-28T16:00Z,so2,23.6
2026-06-28T16:00Z,o3,90.0
2026-06-28T17:00Z,pm10,273.8
2026-06-28T17:00Z,pm25,108.0
2026-06-28T17:00Z,co,467.0
2026-06-28T17:00Z,no2,41.3
2026-06-28T17:00Z,so2,27.1
2026-06-28T17:00Z,o3,73.0
2026-06-28T18:00Z,pm10,276.6
2026-06-28T18:00Z,pm25,113.9
2026-06-28T18:00Z,co,509.0
2026-06-28T18:00Z,no2,48.1
2026-06-28T18:00Z,so2,29.5
2026-06-28T18:00Z,o3,59.0
2026-06-28T19:00Z,pm10,285.9
2026-06-28T19:00Z,pm25,116.4
2026-06-28T19:00Z,co,528.0
2026-06-28T19:00Z,no2,52.2
2026-06-28T19:00Z,so2,30.3
2026-06-28T19:00Z,o3,50.0
2026-06-28T20:00Z,pm10,297.1
2026-06-28T20:00Z,pm25,119.7
2026-06-28T20:00Z,co,534.0
2026-06-28T20:00Z,no2,54.6
2026-06-28T20:00Z,so2,30.2
2026-06-28T20:00Z,o3,43.0
2026-06-28T21:00Z,pm10,293.4
2026-06-28T21:00Z,pm25,121.5
2026-06-28T21:00Z,co,537.0
2026-06-28T21:00Z,no2,55.5
2026-06-28T21:00Z,so2,29.2
2026-06-28T21:00Z,o3,38.0
2026-06-28T22:00Z,pm10,278.5
2026-06-28T22:00Z,pm25,120.1
2026-06-28T22:00Z,co,546.0
2026-06-28T22:00Z,no2,55.2
2026-06-28T22:00Z,so2,26.9
2026-06-28T22:00Z,o3,32.0
2026-06-28T23:00Z,pm10,304.5
2026-06-28T23:00Z,pm25,123.4
2026-06-28T23:00Z,co,551.0
2026-06-28T23:00Z,no2,53.4
2026-06-28T23:00Z,so2,23.9
2026-06-28T23:00Z,o3,27.0
2026-06-29T00:00Z,pm10,148.5
2026-06-29T00:00Z,pm25,72.4
2026-06-29T00:00Z,co,538.0
2026-06-29T00:00Z,no2,21.8
2026-06-29T00:00Z,so2,25.0
2026-06-29T00:00Z,o3,85.0
2026-06-29T01:00Z,pm10,143.0
2026-06-29T01:00Z,pm25,71.5
2026-06-29T01:00Z,co,494.0
2026-06-29T01:00Z,no2,21.7
2026-06-29T01:00Z,so2,24.9
2026-06-29T01:00Z,o3,86.0
2026-06-29T02:00Z,pm10,155.5
2026-06-29T02:00Z,pm25,71.9
2026-06-29T02:00Z,co,432.0
2026-06-29T02:00Z,no2,21.4
2026-06-29T02:00Z,so2,24.6
2026-06-29T02:00Z,o3,88.0
2026-06-29T03:00Z,pm10,217.5
2026-06-29T03:00Z,pm25,72.9
2026-06-29T03:00Z,co,370.0
2026-06-29T03:00Z,no2,19.7
2026-06-29T03:00Z,so2,23.2
2026-06-29T03:00Z,o3,94.0
2026-06-29T04:00Z,pm10,368.8
2026-06-29T04:00Z,pm25,85.0
2026-06-29T04:00Z,co,311.0
2026-06-29T04:00Z,no2,15.3
2026-06-29T04:00Z,so2,19.6
2026-06-29T04:00Z,o3,109.0
2026-06-29T05:00Z,pm10,579.3
2026-06-29T05:00Z,pm25,107.3
2026-06-29T05:00Z,co,252.0
2026-06-29T05:00Z,no2,9.4
2026-06-29T05:00Z,so2,15.0
2026-06-29T05:00Z,o3,129.0
2026-06-29T06:00Z,pm10,681.7
2026-06-29T06:00Z,pm25,120.6
2026-06-29T06:00Z,co,210.0
2026-06-29T06:00Z,no2,5.1
2026-06-29T06:00Z,so2,11.5
2026-06-29T06:00Z,o3,145.0
2026-06-29T07:00Z,pm10,767.4
2026-06-29T07:00Z,pm25,132.2
2026-06-29T07:00Z,co,193.0
2026-06-29T07:00Z,no2,3.4
2026-06-29T07:00Z,so2,10.4
2026-06-29T07:00Z,o3,155.0
2026-06-29T08:00Z,pm10,743.2
2026-06-29T08:00Z,pm25,129.9
2026-06-29T08:00Z,co,192.0
2026-06-29T08:00Z,no2,3.2
2026-06-29T08:00Z,so2,10.5
2026-06-29T08:00Z,o3,160.0
2026-06-29T09:00Z,pm10,732.0
2026-06-29T09:00Z,pm25,129.0
2026-06-29T09:00Z,co,195.0
2026-06-29T09:00Z,no2,4.0
2026-06-29T09:00Z,so2,10.8
2026-06-29T09:00Z,o3,161.0
2026-06-29T10:00Z,pm10,719.0
2026-06-29T10:00Z,pm25,125.7
2026-06-29T10:00Z,co,196.0
2026-06-29T10:00Z,no2,5.3
2026-06-29T10:00Z,so2,10.9
2026-06-29T10:00Z,o3,156.0
2026-06-29T11:00Z,pm10,739.5
2026-06-29T11:00Z,pm25,126.7
2026-06-29T11:00Z,co,201.0
2026-06-29T11:00Z,no2,7.5
2026-06-29T11:00Z,so2,11.2
2026-06-29T11:00Z,o3,145.0
2026-06-29T12:00Z,pm10,644.5
2026-06-29T12:00Z,pm25,121.1
2026-06-29T12:00Z,co,216.0
2026-06-29T12:00Z,no2,11.5
2026-06-29T12:00Z,so2,12.4
2026-06-29T12:00Z,o3,135.0
2026-06-29T13:00Z,pm10,519.7
2026-06-29T13:00Z,pm25,116.2
2026-06-29T13:00Z,co,228.0
2026-06-29T13:00Z,no2,21.2
2026-06-29T13:00Z,so2,16.3
2026-06-29T13:00Z,o3,119.0
2026-06-29T14:00Z,pm10,525.3
2026-06-29T14:00Z,pm25,123.9
2026-06-29T14:00Z,co,250.0
2026-06-29T14:00Z,no2,34.7
2026-06-29T14:00Z,so2,21.9
2026-06-29T14:00Z,o3,97.0
2026-06-29T15:00Z,pm10,534.6
2026-06-29T15:00Z,pm25,134.6
2026-06-29T15:00Z,co,326.0
2026-06-29T15:00Z,no2,45.4
2026-06-29T15:00Z,so2,27.2
2026-06-29T15:00Z,o3,78.0
2026-06-29T16:00Z,pm10,540.2
2026-06-29T16:00Z,pm25,145.3
2026-06-29T16:00Z,co,521.0
2026-06-29T16:00Z,no2,50.8
2026-06-29T16:00Z,so2,32.3
2026-06-29T16:00Z,o3,66.0
2026-06-29T17:00Z,pm10,530.9
2026-06-29T17:00Z,pm25,149.9
2026-06-29T17:00Z,co,769.0
2026-06-29T17:00Z,no2,53.4
2026-06-29T17:00Z,so2,37.2
2026-06-29T17:00Z,o3,57.0
2026-06-29T18:00Z,pm10,508.5
2026-06-29T18:00Z,pm25,144.8
2026-06-29T18:00Z,co,916.0
2026-06-29T18:00Z,no2,53.9
2026-06-29T18:00Z,so2,40.1
2026-06-29T18:00Z,o3,50.0
2026-06-29T19:00Z,pm10,514.1
2026-06-29T19:00Z,pm25,143.9
2026-06-29T19:00Z,co,867.0
2026-06-29T19:00Z,no2,51.7
2026-06-29T19:00Z,so2,40.0
2026-06-29T19:00Z,o3,46.0
2026-06-29T20:00Z,pm10,510.4
2026-06-29T20:00Z,pm25,143.0
2026-06-29T20:00Z,co,717.0
2026-06-29T20:00Z,no2,47.4
2026-06-29T20:00Z,so2,37.9
2026-06-29T20:00Z,o3,43.0
2026-06-29T21:00Z,pm10,475.9
2026-06-29T21:00Z,pm25,138.8
2026-06-29T21:00Z,co,598.0
2026-06-29T21:00Z,no2,43.2
2026-06-29T21:00Z,so2,35.4
2026-06-29T21:00Z,o3,42.0
2026-06-29T22:00Z,pm10,407.0
2026-06-29T22:00Z,pm25,128.5
2026-06-29T22:00Z,co,573.0
2026-06-29T22:00Z,no2,39.9
2026-06-29T22:00Z,so2,32.5
2026-06-29T22:00Z,o3,40.0
2026-06-29T23:00Z,pm10,347.4
2026-06-29T23:00Z,pm25,117.3
2026-06-29T23:00Z,co,579.0
2026-06-29T23:00Z,no2,36.7
2026-06-29T23:00Z,so2,29.1
2026-06-29T23:00Z,o3,39.0
2026-06-30T00:00Z,pm10,427.5
2026-06-30T00:00Z,pm25,106.4
2026-06-30T00:00Z,co,559.0
2026-06-30T00:00Z,no2,26.3
2026-06-30T00:00Z,so2,28.1
2026-06-30T00:00Z,o3,71.0
2026-06-30T01:00Z,pm10,418.2
2026-06-30T01:00Z,pm25,108.5
2026-06-30T01:00Z,co,479.0
2026-06-30T01:00Z,no2,25.4
2026-06-30T01:00Z,so2,26.3
2026-06-30T01:00Z,o3,68.0
2026-06-30T02:00Z,pm10,596.0
2026-06-30T02:00Z,pm25,132.2
2026-06-30T02:00Z,co,373.0
2026-06-30T02:00Z,no2,24.0
2026-06-30T02:00Z,so2,23.6
2026-06-30T02:00Z,o3,64.0
2026-06-30T03:00Z,pm10,1087.8
2026-06-30T03:00Z,pm25,194.2
2026-06-30T03:00Z,co,288.0
2026-06-30T03:00Z,no2,22.3
2026-06-30T03:00Z,so2,20.8
2026-06-30T03:00Z,o3,62.0
2026-06-30T04:00Z,pm10,1423.1
2026-06-30T04:00Z,pm25,244.9
2026-06-30T04:00Z,co,244.0
2026-06-30T04:00Z,no2,20.0
2026-06-30T04:00Z,so2,17.6
2026-06-30T04:00Z,o3,60.0
2026-06-30T05:00Z,pm10,1542.3
2026-06-30T05:00Z,pm25,270.1
2026-06-30T05:00Z,co,222.0
2026-06-30T05:00Z,no2,17.4
2026-06-30T05:00Z,so2,14.3
2026-06-30T05:00Z,o3,60.0
2026-06-30T06:00Z,pm10,1557.2
2026-06-30T06:00Z,pm25,276.6
2026-06-30T06:00Z,co,208.0
2026-06-30T06:00Z,no2,14.8
2026-06-30T06:00Z,so2,12.1
2026-06-30T06:00Z,o3,69.0
2026-06-30T07:00Z,pm10,1423.1
2026-06-30T07:00Z,pm25,248.7
2026-06-30T07:00Z,co,199.0
2026-06-30T07:00Z,no2,11.8
2026-06-30T07:00Z,so2,11.5
2026-06-30T07:00Z,o3,97.0
2026-06-30T08:00Z,pm10,1162.3
2026-06-30T08:00Z,pm25,204.9
2026-06-30T08:00Z,co,199.0
2026-06-30T08:00Z,no2,8.9
2026-06-30T08:00Z,so2,12.0
2026-06-30T08:00Z,o3,135.0
2026-06-30T09:00Z,pm10,918.3
2026-06-30T09:00Z,pm25,167.2
2026-06-30T09:00Z,co,202.0
2026-06-30T09:00Z,no2,7.9
2026-06-30T09:00Z,so2,13.7
2026-06-30T09:00Z,o3,164.0
2026-06-30T10:00Z,pm10,713.4
2026-06-30T10:00Z,pm25,137.4
2026-06-30T10:00Z,co,199.0
2026-06-30T10:00Z,no2,10.3
2026-06-30T10:00Z,so2,17.1
2026-06-30T10:00Z,o3,176.0
2026-06-30T11:00Z,pm10,562.5
2026-06-30T11:00Z,pm25,117.8
2026-06-30T11:00Z,co,199.0
2026-06-30T11:00Z,no2,14.7
2026-06-30T11:00Z,so2,21.6
2026-06-30T11:00Z,o3,178.0
2026-06-30T12:00Z,pm10,631.4
2026-06-30T12:00Z,pm25,110.4
2026-06-30T12:00Z,co,226.0
2026-06-30T12:00Z,no2,18.9
2026-06-30T12:00Z,so2,22.3
2026-06-30T12:00Z,o3,127.0
2026-06-30T13:00Z,pm10,340.9
2026-06-30T13:00Z,pm25,76.1
2026-06-30T13:00Z,co,305.0
2026-06-30T13:00Z,no2,22.9
2026-06-30T13:00Z,so2,24.4
2026-06-30T13:00Z,o3,114.0
2026-06-30T14:00Z,pm10,281.3
2026-06-30T14:00Z,pm25,63.8
2026-06-30T14:00Z,co,412.0
2026-06-30T14:00Z,no2,28.3
2026-06-30T14:00Z,so2,27.4
2026-06-30T14:00Z,o3,96.0
2026-06-30T15:00Z,pm10,295.2
2026-06-30T15:00Z,pm25,65.0
2026-06-30T15:00Z,co,495.0
2026-06-30T15:00Z,no2,32.2
2026-06-30T15:00Z,so2,29.3
2026-06-30T15:00Z,o3,81.0
2026-06-30T16:00Z,pm10,333.4
2026-06-30T16:00Z,pm25,70.1
2026-06-30T16:00Z,co,535.0
2026-06-30T16:00Z,no2,33.2
2026-06-30T16:00Z,so2,29.5
2026-06-30T16:00Z,o3,71.0
2026-06-30T17:00Z,pm10,362.3
2026-06-30T17:00Z,pm25,74.0
2026-06-30T17:00Z,co,552.0
2026-06-30T17:00Z,no2,32.7
2026-06-30T17:00Z,so2,28.7
2026-06-30T17:00Z,o3,64.0
2026-06-30T18:00Z,pm10,362.3
2026-06-30T18:00Z,pm25,75.0
2026-06-30T18:00Z,co,558.0
2026-06-30T18:00Z,no2,31.7
2026-06-30T18:00Z,so2,27.4
2026-06-30T18:00Z,o3,58.0
2026-06-30T19:00Z,pm10,333.4
2026-06-30T19:00Z,pm25,72.6
2026-06-30T19:00Z,co,557.0
2026-06-30T19:00Z,no2,30.5
2026-06-30T19:00Z,so2,25.7
2026-06-30T19:00Z,o3,54.0
2026-06-30T20:00Z,pm10,301.7
2026-06-30T20:00Z,pm25,70.5
2026-06-30T20:00Z,co,545.0
2026-06-30T20:00Z,no2,28.8
2026-06-30T20:00Z,so2,23.5
2026-06-30T20:00Z,o3,51.0
2026-06-30T21:00Z,pm10,308.3
2026-06-30T21:00Z,pm25,74.3
2026-06-30T21:00Z,co,524.0
2026-06-30T21:00Z,no2,27.1
2026-06-30T21:00Z,so2,21.5
2026-06-30T21:00Z,o3,50.0
2026-06-30T22:00Z,pm10,315.7
2026-06-30T22:00Z,pm25,78.5
2026-06-30T22:00Z,co,486.0
2026-06-30T22:00Z,no2,25.3
2026-06-30T22:00Z,so2,19.7
2026-06-30T22:00Z,o3,51.0
2026-06-30T23:00Z,pm10,247.7
2026-06-30T23:00Z,pm25,69.6
2026-06-30T23:00Z,co,440.0
2026-06-30T23:00Z,no2,23.5
2026-06-30T23:00Z,so2,18.1
2026-06-30T23:00Z,o3,53.0
2026-07-01T00:00Z,pm10,72.6
2026-07-01T00:00Z,pm25,40.2
2026-07-01T00:00Z,co,414.0
2026-07-01T00:00Z,no2,21.5
2026-07-01T00:00Z,so2,19.0
2026-07-01T00:00Z,o3,61.0
2026-07-01T01:00Z,pm10,80.8
2026-07-01T01:00Z,pm25,38.3
2026-07-01T01:00Z,co,428.0
2026-07-01T01:00Z,no2,23.6
2026-07-01T01:00Z,so2,20.2
2026-07-01T01:00Z,o3,59.0
2026-07-01T02:00Z,pm10,76.4
2026-07-01T02:00Z,pm25,38.6
2026-07-01T02:00Z,co,463.0
2026-07-01T02:00Z,no2,26.4
2026-07-01T02:00Z,so2,22.0
2026-07-01T02:00Z,o3,57.0
2026-07-01T03:00Z,pm10,104.1
2026-07-01T03:00Z,pm25,43.9
2026-07-01T03:00Z,co,488.0
2026-07-01T03:00Z,no2,28.0
2026-07-01T03:00Z,so2,23.8
2026-07-01T03:00Z,o3,60.0
2026-07-01T04:00Z,pm10,163.0
2026-07-01T04:00Z,pm25,48.7
2026-07-01T04:00Z,co,495.0
2026-07-01T04:00Z,no2,27.4
2026-07-01T04:00Z,so2,25.6
2026-07-01T04:00Z,o3,71.0
2026-07-01T05:00Z,pm10,224.4
2026-07-01T05:00Z,pm25,58.8
2026-07-01T05:00Z,co,491.0
2026-07-01T05:00Z,no2,25.6
2026-07-01T05:00Z,so2,27.4
2026-07-01T05:00Z,o3,88.0
2026-07-01T06:00Z,pm10,224.0
2026-07-01T06:00Z,pm25,62.6
2026-07-01T06:00Z,co,469.0
2026-07-01T06:00Z,no2,23.4
2026-07-01T06:00Z,so2,28.7
2026-07-01T06:00Z,o3,103.0
2026-07-01T07:00Z,pm10,175.1
2026-07-01T07:00Z,pm25,57.9
2026-07-01T07:00Z,co,411.0
2026-07-01T07:00Z,no2,20.4
2026-07-01T07:00Z,so2,29.2
2026-07-01T07:00Z,o3,115.0
2026-07-01T08:00Z,pm10,187.2
2026-07-01T08:00Z,pm25,61.0
2026-07-01T08:00Z,co,334.0
2026-07-01T08:00Z,no2,17.0
2026-07-01T08:00Z,so2,29.2
2026-07-01T08:00Z,o3,126.0
2026-07-01T09:00Z,pm10,225.4
2026-07-01T09:00Z,pm25,67.1
2026-07-01T09:00Z,co,283.0
2026-07-01T09:00Z,no2,14.8
2026-07-01T09:00Z,so2,29.3
2026-07-01T09:00Z,o3,136.0
2026-07-01T10:00Z,pm10,257.0
2026-07-01T10:00Z,pm25,74.5
2026-07-01T10:00Z,co,280.0
2026-07-01T10:00Z,no2,14.2
2026-07-01T10:00Z,so2,29.6
2026-07-01T10:00Z,o3,146.0
2026-07-01T11:00Z,pm10,264.5
2026-07-01T11:00Z,pm25,78.9
2026-07-01T11:00Z,co,303.0
2026-07-01T11:00Z,no2,14.8
2026-07-01T11:00Z,so2,30.0
2026-07-01T11:00Z,o3,154.0
2026-07-01T12:00Z,pm10,209.5
2026-07-01T12:00Z,pm25,59.8
2026-07-01T12:00Z,co,334.0
2026-07-01T12:00Z,no2,22.9
2026-07-01T12:00Z,so2,31.2
2026-07-01T12:00Z,o3,105.0
2026-07-01T13:00Z,pm10,196.5
2026-07-01T13:00Z,pm25,59.1
2026-07-01T13:00Z,co,369.0
2026-07-01T13:00Z,no2,27.8
2026-07-01T13:00Z,so2,31.5
2026-07-01T13:00Z,o3,93.0
2026-07-01T14:00Z,pm10,179.3
2026-07-01T14:00Z,pm25,60.3
2026-07-01T14:00Z,co,413.0
2026-07-01T14:00Z,no2,34.6
2026-07-01T14:00Z,so2,31.9
2026-07-01T14:00Z,o3,76.0
2026-07-01T15:00Z,pm10,176.5
2026-07-01T15:00Z,pm25,64.5
2026-07-01T15:00Z,co,456.0
2026-07-01T15:00Z,no2,40.0
2026-07-01T15:00Z,so2,32.3
2026-07-01T15:00Z,o3,62.0
2026-07-01T16:00Z,pm10,180.2
2026-07-01T16:00Z,pm25,67.3
2026-07-01T16:00Z,co,502.0
2026-07-01T16:00Z,no2,42.8
2026-07-01T16:00Z,so2,33.1
2026-07-01T16:00Z,o3,54.0
2026-07-01T17:00Z,pm10,189.5
2026-07-01T17:00Z,pm25,69.2
2026-07-01T17:00Z,co,547.0
2026-07-01T17:00Z,no2,44.2
2026-07-01T17:00Z,so2,34.0
2026-07-01T17:00Z,o3,48.0
2026-07-01T18:00Z,pm10,193.7
2026-07-01T18:00Z,pm25,70.1
2026-07-01T18:00Z,co,579.0
2026-07-01T18:00Z,no2,44.0
2026-07-01T18:00Z,so2,33.9
2026-07-01T18:00Z,o3,45.0
2026-07-01T19:00Z,pm10,194.2
2026-07-01T19:00Z,pm25,68.0
2026-07-01T19:00Z,co,589.0
2026-07-01T19:00Z,no2,41.2
2026-07-01T19:00Z,so2,31.9
2026-07-01T19:00Z,o3,45.0
2026-07-01T20:00Z,pm10,197.9
2026-07-01T20:00Z,pm25,72.6
2026-07-01T20:00Z,co,585.0
2026-07-01T20:00Z,no2,36.7
2026-07-01T20:00Z,so2,29.0
2026-07-01T20:00Z,o3,47.0
2026-07-01T21:00Z,pm10,158.8
2026-07-01T21:00Z,pm25,67.8
2026-07-01T21:00Z,co,575.0
2026-07-01T21:00Z,no2,33.4
2026-07-01T21:00Z,so2,26.7
2026-07-01T21:00Z,o3,48.0
2026-07-01T22:00Z,pm10,122.9
2026-07-01T22:00Z,pm25,61.5
2026-07-01T22:00Z,co,548.0
2026-07-01T22:00Z,no2,32.7
2026-07-01T22:00Z,so2,25.5
2026-07-01T22:00Z,o3,46.0
2026-07-01T23:00Z,pm10,107.3
2026-07-01T23:00Z,pm25,58.9
2026-07-01T23:00Z,co,515.0
2026-07-01T23:00Z,no2,33.2
2026-07-01T23:00Z,so2,25.0
2026-07-01T23:00Z,o3,43.0
2026-07-02T00:00Z,pm10,129.9
2026-07-02T00:00Z,pm25,61.0
2026-07-02T00:00Z,co,515.0
2026-07-02T00:00Z,no2,33.0
2026-07-02T00:00Z,so2,25.8
2026-07-02T00:00Z,o3,46.0
2026-07-02T01:00Z,pm10,132.7
2026-07-02T01:00Z,pm25,59.1
2026-07-02T01:00Z,co,583.0
2026-07-02T01:00Z,no2,33.0
2026-07-02T01:00Z,so2,31.0
2026-07-02T01:00Z,o3,55.0
2026-07-02T02:00Z,pm10,132.2
2026-07-02T02:00Z,pm25,60.1
2026-07-02T02:00Z,co,685.0
2026-07-02T02:00Z,no2,32.8
2026-07-02T02:00Z,so2,37.9
2026-07-02T02:00Z,o3,68.0
2026-07-02T03:00Z,pm10,137.4
2026-07-02T03:00Z,pm25,60.8
2026-07-02T03:00Z,co,759.0
2026-07-02T03:00Z,no2,31.2
2026-07-02T03:00Z,so2,41.5
2026-07-02T03:00Z,o3,83.0
2026-07-02T04:00Z,pm10,134.1
2026-07-02T04:00Z,pm25,58.9
2026-07-02T04:00Z,co,784.0
2026-07-02T04:00Z,no2,27.0
2026-07-02T04:00Z,so2,38.7
2026-07-02T04:00Z,o3,99.0
2026-07-02T05:00Z,pm10,124.8
2026-07-02T05:00Z,pm25,54.1
2026-07-02T05:00Z,co,781.0
2026-07-02T05:00Z,no2,21.4
2026-07-02T05:00Z,so2,32.5
2026-07-02T05:00Z,o3,116.0
2026-07-02T06:00Z,pm10,112.2
2026-07-02T06:00Z,pm25,50.5
2026-07-02T06:00Z,co,757.0
2026-07-02T06:00Z,no2,16.5
2026-07-02T06:00Z,so2,27.2
2026-07-02T06:00Z,o3,134.0
2026-07-02T07:00Z,pm10,102.7
2026-07-02T07:00Z,pm25,45.3
2026-07-02T07:00Z,co,702.0
2026-07-02T07:00Z,no2,12.6
2026-07-02T07:00Z,so2,24.2
2026-07-02T07:00Z,o3,155.0
2026-07-02T08:00Z,pm10,89.6
2026-07-02T08:00Z,pm25,39.9
2026-07-02T08:00Z,co,626.0
2026-07-02T08:00Z,no2,9.3
2026-07-02T08:00Z,so2,22.0
2026-07-02T08:00Z,o3,177.0
2026-07-02T09:00Z,pm10,79.9
2026-07-02T09:00Z,pm25,37.3
2026-07-02T09:00Z,co,566.0
2026-07-02T09:00Z,no2,7.6
2026-07-02T09:00Z,so2,20.6
2026-07-02T09:00Z,o3,192.0
2026-07-02T10:00Z,pm10,85.9
2026-07-02T10:00Z,pm25,37.3
2026-07-02T10:00Z,co,512.0
2026-07-02T10:00Z,no2,7.7
2026-07-02T10:00Z,so2,20.0
2026-07-02T10:00Z,o3,199.0
2026-07-02T11:00Z,pm10,74.5
2026-07-02T11:00Z,pm25,35.6
2026-07-02T11:00Z,co,473.0
2026-07-02T11:00Z,no2,9.5
2026-07-02T11:00Z,so2,20.1
2026-07-02T11:00Z,o3,200.0
2026-07-02T12:00Z,pm10,95.7
2026-07-02T12:00Z,pm25,34.3
2026-07-02T12:00Z,co,519.0
2026-07-02T12:00Z,no2,11.5
2026-07-02T12:00Z,so2,15.1
2026-07-02T12:00Z,o3,154.0
2026-07-02T13:00Z,pm10,89.4
2026-07-02T13:00Z,pm25,33.6
2026-07-02T13:00Z,co,744.0
2026-07-02T13:00Z,no2,17.8
2026-07-02T13:00Z,so2,18.1
2026-07-02T13:00Z,o3,139.0
2026-07-02T14:00Z,pm10,76.6
2026-07-02T14:00Z,pm25,35.0
2026-07-02T14:00Z,co,1054.0
2026-07-02T14:00Z,no2,26.5
2026-07-02T14:00Z,so2,22.3
2026-07-02T14:00Z,o3,119.0
2026-07-02T15:00Z,pm10,71.2
2026-07-02T15:00Z,pm25,37.1
2026-07-02T15:00Z,co,1232.0
2026-07-02T15:00Z,no2,32.9
2026-07-02T15:00Z,so2,25.4
2026-07-02T15:00Z,o3,101.0
2026-07-02T16:00Z,pm10,66.4
2026-07-02T16:00Z,pm25,38.3
2026-07-02T16:00Z,co,1153.0
2026-07-02T16:00Z,no2,35.1
2026-07-02T16:00Z,so2,26.6
2026-07-02T16:00Z,o3,90.0
2026-07-02T17:00Z,pm10,73.3
2026-07-02T17:00Z,pm25,39.5
2026-07-02T17:00Z,co,943.0
2026-07-02T17:00Z,no2,35.1
2026-07-02T17:00Z,so2,26.8
2026-07-02T17:00Z,o3,81.0
2026-07-02T18:00Z,pm10,89.4
2026-07-02T18:00Z,pm25,41.6
2026-07-02T18:00Z,co,759.0
2026-07-02T18:00Z,no2,34.2
2026-07-02T18:00Z,so2,26.5
2026-07-02T18:00Z,o3,75.0
2026-07-02T19:00Z,pm10,94.3
2026-07-02T19:00Z,pm25,43.0
2026-07-02T19:00Z,co,659.0
2026-07-02T19:00Z,no2,32.9
2026-07-02T19:00Z,so2,25.9
2026-07-02T19:00Z,o3,69.0
2026-07-02T20:00Z,pm10,99.7
2026-07-02T20:00Z,pm25,45.4
2026-07-02T20:00Z,co,586.0
2026-07-02T20:00Z,no2,30.8
2026-07-02T20:00Z,so2,24.8
2026-07-02T20:00Z,o3,65.0
2026-07-02T21:00Z,pm10,104.8
2026-07-02T21:00Z,pm25,47.8
2026-07-02T21:00Z,co,522.0
2026-07-02T21:00Z,no2,28.2
2026-07-02T21:00Z,so2,23.7
2026-07-02T21:00Z,o3,65.0
2026-07-02T22:00Z,pm10,80.1
2026-07-02T22:00Z,pm25,46.0
2026-07-02T22:00Z,co,455.0
2026-07-02T22:00Z,no2,24.7
2026-07-02T22:00Z,so2,22.3
2026-07-02T22:00Z,o3,70.0
2026-07-02T23:00Z,pm10,58.7
2026-07-02T23:00Z,pm25,41.1
2026-07-02T23:00Z,co,398.0
2026-07-02T23:00Z,no2,20.8
2026-07-02T23:00Z,so2,20.9
2026-07-02T23:00Z,o3,78.0
2026-07-03T00:00Z,pm10,26.2
2026-07-03T00:00Z,pm25,21.8
2026-07-03T00:00Z,co,374.0
2026-07-03T00:00Z,no2,15.2
2026-07-03T00:00Z,so2,18.0
2026-07-03T00:00Z,o3,94.0
2026-07-03T01:00Z,pm10,27.7
2026-07-03T01:00Z,pm25,21.4
2026-07-03T01:00Z,co,411.0
2026-07-03T01:00Z,no2,17.0
2026-07-03T01:00Z,so2,19.0
2026-07-03T01:00Z,o3,94.0
2026-07-03T02:00Z,pm10,31.8
2026-07-03T02:00Z,pm25,23.3
2026-07-03T02:00Z,co,480.0
2026-07-03T02:00Z,no2,19.3
2026-07-03T02:00Z,so2,20.5
2026-07-03T02:00Z,o3,94.0
2026-07-03T03:00Z,pm10,35.5
2026-07-03T03:00Z,pm25,24.6
2026-07-03T03:00Z,co,521.0
2026-07-03T03:00Z,no2,20.1
2026-07-03T03:00Z,so2,21.9
2026-07-03T03:00Z,o3,101.0
2026-07-03T04:00Z,pm10,49.5
2026-07-03T04:00Z,pm25,27.2
2026-07-03T04:00Z,co,499.0
2026-07-03T04:00Z,no2,17.7
2026-07-03T04:00Z,so2,23.2
2026-07-03T04:00Z,o3,121.0
2026-07-03T05:00Z,pm10,56.5
2026-07-03T05:00Z,pm25,29.3
2026-07-03T05:00Z,co,448.0
2026-07-03T05:00Z,no2,13.8
2026-07-03T05:00Z,so2,24.3
2026-07-03T05:00Z,o3,148.0
2026-07-03T06:00Z,pm10,56.2
2026-07-03T06:00Z,pm25,31.2
2026-07-03T06:00Z,co,410.0
2026-07-03T06:00Z,no2,11.1
2026-07-03T06:00Z,so2,25.3
2026-07-03T06:00Z,o3,167.0
2026-07-03T07:00Z,pm10,56.8
2026-07-03T07:00Z,pm25,32.4
2026-07-03T07:00Z,co,398.0
2026-07-03T07:00Z,no2,11.1
2026-07-03T07:00Z,so2,25.9
2026-07-03T07:00Z,o3,170.0
2026-07-03T08:00Z,pm10,70.8
2026-07-03T08:00Z,pm25,33.8
2026-07-03T08:00Z,co,398.0
2026-07-03T08:00Z,no2,12.4
2026-07-03T08:00Z,so2,26.3
2026-07-03T08:00Z,o3,165.0
2026-07-03T09:00Z,pm10,70.8
2026-07-03T09:00Z,pm25,34.9
2026-07-03T09:00Z,co,408.0
2026-07-03T09:00Z,no2,13.7
2026-07-03T09:00Z,so2,26.5
2026-07-03T09:00Z,o3,160.0
2026-07-03T10:00Z,pm10,99.7
2026-07-03T10:00Z,pm25,38.1
2026-07-03T10:00Z,co,434.0
2026-07-03T10:00Z,no2,13.9
2026-07-03T10:00Z,so2,26.4
2026-07-03T10:00Z,o3,160.0
2026-07-03T11:00Z,pm10,104.8
2026-07-03T11:00Z,pm25,40.6
2026-07-03T11:00Z,co,470.0
2026-07-03T11:00Z,no2,14.1
2026-07-03T11:00Z,so2,26.1
2026-07-03T11:00Z,o3,160.0
2026-07-03T12:00Z,pm10,87.8
2026-07-03T12:00Z,pm25,45.2
2026-07-03T12:00Z,co,496.0
2026-07-03T12:00Z,no2,15.8
2026-07-03T12:00Z,so2,27.3
2026-07-03T12:00Z,o3,190.0
2026-07-03T13:00Z,pm10,90.6
2026-07-03T13:00Z,pm25,50.1
2026-07-03T13:00Z,co,496.0
2026-07-03T13:00Z,no2,26.5
2026-07-03T13:00Z,so2,29.2
2026-07-03T13:00Z,o3,160.0
2026-07-03T14:00Z,pm10,94.1
2026-07-03T14:00Z,pm25,57.0
2026-07-03T14:00Z,co,486.0
2026-07-03T14:00Z,no2,41.3
2026-07-03T14:00Z,so2,31.7
2026-07-03T14:00Z,o3,118.0
2026-07-03T15:00Z,pm10,96.2
2026-07-03T15:00Z,pm25,65.4
2026-07-03T15:00Z,co,497.0
2026-07-03T15:00Z,no2,52.1
2026-07-03T15:00Z,so2,33.4
2026-07-03T15:00Z,o3,84.0
2026-07-03T16:00Z,pm10,95.2
2026-07-03T16:00Z,pm25,66.4
2026-07-03T16:00Z,co,556.0
2026-07-03T16:00Z,no2,55.4
2026-07-03T16:00Z,so2,33.5
2026-07-03T16:00Z,o3,66.0
2026-07-03T17:00Z,pm10,94.5
2026-07-03T17:00Z,pm25,65.7
2026-07-03T17:00Z,co,636.0
2026-07-03T17:00Z,no2,54.8
2026-07-03T17:00Z,so2,32.7
2026-07-03T17:00Z,o3,56.0
2026-07-03T18:00Z,pm10,90.1
2026-07-03T18:00Z,pm25,63.1
2026-07-03T18:00Z,co,691.0
2026-07-03T18:00Z,no2,52.7
2026-07-03T18:00Z,so2,31.4
2026-07-03T18:00Z,o3,50.0
2026-07-03T19:00Z,pm10,84.1
2026-07-03T19:00Z,pm25,59.4
2026-07-03T19:00Z,co,696.0
2026-07-03T19:00Z,no2,49.1
2026-07-03T19:00Z,so2,29.5
2026-07-03T19:00Z,o3,46.0
2026-07-03T20:00Z,pm10,79.4
2026-07-03T20:00Z,pm25,56.7
2026-07-03T20:00Z,co,676.0
2026-07-03T20:00Z,no2,44.1
2026-07-03T20:00Z,so2,27.1
2026-07-03T20:00Z,o3,46.0
2026-07-03T21:00Z,pm10,76.4
2026-07-03T21:00Z,pm25,55.5
2026-07-03T21:00Z,co,653.0
2026-07-03T21:00Z,no2,40.2
2026-07-03T21:00Z,so2,25.3
2026-07-03T21:00Z,o3,46.0
2026-07-03T22:00Z,pm10,73.1
2026-07-03T22:00Z,pm25,54.9
2026-07-03T22:00Z,co,627.0
2026-07-03T22:00Z,no2,39.0
2026-07-03T22:00Z,so2,24.5
2026-07-03T22:00Z,o3,42.0
2026-07-03T23:00Z,pm10,69.6
2026-07-03T23:00Z,pm25,54.6
2026-07-03T23:00Z,co,599.0
2026-07-03T23:00Z,no2,38.8
2026-07-03T23:00Z,so2,24.3
2026-07-03T23:00Z,o3,39.0
2026-07-04T00:00Z,pm10,91.3
2026-07-04T00:00Z,pm25,55.9
2026-07-04T00:00Z,co,596.0
2026-07-04T00:00Z,no2,33.5
2026-07-04T00:00Z,so2,23.6
2026-07-04T00:00Z,o3,50.0
2026-07-04T01:00Z,pm10,82.7
2026-07-04T01:00Z,pm25,57.7
2026-07-04T01:00Z,co,650.0
2026-07-04T01:00Z,no2,31.6
2026-07-04T01:00Z,so2,25.6
2026-07-04T01:00Z,o3,66.0
2026-07-04T02:00Z,pm10,81.7
2026-07-04T02:00Z,pm25,55.1
2026-07-04T02:00Z,co,730.0
2026-07-04T02:00Z,no2,28.7
2026-07-04T02:00Z,so2,28.4
2026-07-04T02:00Z,o3,89.0
2026-07-04T03:00Z,pm10,84.8
2026-07-04T03:00Z,pm25,48.2
2026-07-04T03:00Z,co,767.0
2026-07-04T03:00Z,no2,25.1
2026-07-04T03:00Z,so2,30.1
2026-07-04T03:00Z,o3,112.0
2026-07-04T04:00Z,pm10,63.6
2026-07-04T04:00Z,pm25,39.9
2026-07-04T04:00Z,co,717.0
2026-07-04T04:00Z,no2,20.2
2026-07-04T04:00Z,so2,29.9
2026-07-04T04:00Z,o3,135.0
2026-07-04T05:00Z,pm10,69.8
2026-07-04T05:00Z,pm25,36.9
2026-07-04T05:00Z,co,624.0
2026-07-04T05:00Z,no2,14.5
2026-07-04T05:00Z,so2,28.8
2026-07-04T05:00Z,o3,158.0
2026-07-04T06:00Z,pm10,66.6
2026-07-04T06:00Z,pm25,34.5
2026-07-04T06:00Z,co,553.0
2026-07-04T06:00Z,no2,10.4
2026-07-04T06:00Z,so2,27.5
2026-07-04T06:00Z,o3,176.0
2026-07-04T07:00Z,pm10,59.1
2026-07-04T07:00Z,pm25,32.4
2026-07-04T07:00Z,co,530.0
2026-07-04T07:00Z,no2,8.7
2026-07-04T07:00Z,so2,26.2
2026-07-04T07:00Z,o3,187.0
2026-07-04T08:00Z,pm10,55.1
2026-07-04T08:00Z,pm25,33.6
2026-07-04T08:00Z,co,529.0
2026-07-04T08:00Z,no2,8.5
2026-07-04T08:00Z,so2,24.8
2026-07-04T08:00Z,o3,193.0
2026-07-04T09:00Z,pm10,57.9
2026-07-04T09:00Z,pm25,36.4
2026-07-04T09:00Z,co,531.0
2026-07-04T09:00Z,no2,9.0
2026-07-04T09:00Z,so2,24.0
2026-07-04T09:00Z,o3,197.0
2026-07-04T10:00Z,pm10,61.0
2026-07-04T10:00Z,pm25,39.2
2026-07-04T10:00Z,co,528.0
2026-07-04T10:00Z,no2,9.6
2026-07-04T10:00Z,so2,24.3
2026-07-04T10:00Z,o3,202.0
2026-07-04T11:00Z,pm10,72.2
2026-07-04T11:00Z,pm25,41.9
2026-07-04T11:00Z,co,528.0
2026-07-04T11:00Z,no2,10.9
2026-07-04T11:00Z,so2,25.3
2026-07-04T11:00Z,o3,204.0
2026-07-04T12:00Z,pm10,89.2
2026-07-04T12:00Z,pm25,58.2
2026-07-04T12:00Z,co,541.0
2026-07-04T12:00Z,no2,25.2
2026-07-04T12:00Z,so2,31.7
2026-07-04T12:00Z,o3,155.0
2026-07-04T13:00Z,pm10,90.3
2026-07-04T13:00Z,pm25,60.8
2026-07-04T13:00Z,co,569.0
2026-07-04T13:00Z,no2,31.9
2026-07-04T13:00Z,so2,33.0
2026-07-04T13:00Z,o3,135.0
2026-07-04T14:00Z,pm10,89.4
2026-07-04T14:00Z,pm25,66.6
2026-07-04T14:00Z,co,610.0
2026-07-04T14:00Z,no2,41.0
2026-07-04T14:00Z,so2,34.8
2026-07-04T14:00Z,o3,107.0
2026-07-04T15:00Z,pm10,95.5
2026-07-04T15:00Z,pm25,73.1
2026-07-04T15:00Z,co,667.0
2026-07-04T15:00Z,no2,47.3
2026-07-04T15:00Z,so2,36.2
2026-07-04T15:00Z,o3,85.0
2026-07-04T16:00Z,pm10,101.3
2026-07-04T16:00Z,pm25,79.4
2026-07-04T16:00Z,co,753.0
2026-07-04T16:00Z,no2,48.1
2026-07-04T16:00Z,so2,37.0
2026-07-04T16:00Z,o3,75.0
2026-07-04T17:00Z,pm10,130.9
2026-07-04T17:00Z,pm25,83.6
2026-07-04T17:00Z,co,855.0
2026-07-04T17:00Z,no2,46.0
2026-07-04T17:00Z,so2,37.4
2026-07-04T17:00Z,o3,70.0
2026-07-04T18:00Z,pm10,119.2
2026-07-04T18:00Z,pm25,78.0
2026-07-04T18:00Z,co,938.0
2026-07-04T18:00Z,no2,43.3
2026-07-04T18:00Z,so2,37.5
2026-07-04T18:00Z,o3,67.0
2026-07-04T19:00Z,pm10,105.2
2026-07-04T19:00Z,pm25,73.3
2026-07-04T19:00Z,co,993.0
2026-07-04T19:00Z,no2,40.4
2026-07-04T19:00Z,so2,37.1
2026-07-04T19:00Z,o3,65.0
2026-07-04T20:00Z,pm10,99.0
2026-07-04T20:00Z,pm25,69.6
2026-07-04T20:00Z,co,1030.0
2026-07-04T20:00Z,no2,36.9
2026-07-04T20:00Z,so2,36.4
2026-07-04T20:00Z,o3,64.0
2026-07-04T21:00Z,pm10,99.0
2026-07-04T21:00Z,pm25,67.8
2026-07-04T21:00Z,co,1040.0
2026-07-04T21:00Z,no2,34.4
2026-07-04T21:00Z,so2,35.3
2026-07-04T21:00Z,o3,63.0
2026-07-04T22:00Z,pm10,92.0
2026-07-04T22:00Z,pm25,67.5
2026-07-04T22:00Z,co,1014.0
2026-07-04T22:00Z,no2,34.3
2026-07-04T22:00Z,so2,33.6
2026-07-04T22:00Z,o3,56.0
2026-07-04T23:00Z,pm10,83.4
2026-07-04T23:00Z,pm25,66.4
2026-07-04T23:00Z,co,962.0
2026-07-04T23:00Z,no2,35.2
2026-07-04T23:00Z,so2,31.7
2026-07-04T23:00Z,o3,49.0
2026-07-05T00:00Z,pm10,59.8
2026-07-05T00:00Z,pm25,54.5
2026-07-05T00:00Z,co,907.0
2026-07-05T00:00Z,no2,27.4
2026-07-05T00:00Z,so2,22.0
2026-07-05T00:00Z,o3,66.0
2026-07-05T01:00Z,pm10,46.0
2026-07-05T01:00Z,pm25,43.8
2026-07-05T01:00Z,co,862.0
2026-07-05T01:00Z,no2,26.4
2026-07-05T01:00Z,so2,24.6
2026-07-05T01:00Z,o3,76.0
2026-07-05T02:00Z,pm10,38.4
2026-07-05T02:00Z,pm25,36.0
2026-07-05T02:00Z,co,816.0
2026-07-05T02:00Z,no2,24.8
2026-07-05T02:00Z,so2,28.1
2026-07-05T02:00Z,o3,92.0
2026-07-05T03:00Z,pm10,34.2
2026-07-05T03:00Z,pm25,31.5
2026-07-05T03:00Z,co,754.0
2026-07-05T03:00Z,no2,22.1
2026-07-05T03:00Z,so2,30.4
2026-07-05T03:00Z,o3,113.0
2026-07-05T04:00Z,pm10,42.6
2026-07-05T04:00Z,pm25,32.6
2026-07-05T04:00Z,co,660.0
2026-07-05T04:00Z,no2,17.4
2026-07-05T04:00Z,so2,30.6
2026-07-05T04:00Z,o3,145.0
2026-07-05T05:00Z,pm10,43.1
2026-07-05T05:00Z,pm25,33.6
2026-07-05T05:00Z,co,551.0
2026-07-05T05:00Z,no2,11.7
2026-07-05T05:00Z,so2,29.6
2026-07-05T05:00Z,o3,184.0
2026-07-05T06:00Z,pm10,48.8
2026-07-05T06:00Z,pm25,34.0
2026-07-05T06:00Z,co,468.0
2026-07-05T06:00Z,no2,7.4
2026-07-05T06:00Z,so2,28.1
2026-07-05T06:00Z,o3,212.0
2026-07-05T07:00Z,pm10,51.9
2026-07-05T07:00Z,pm25,34.6
2026-07-05T07:00Z,co,430.0
2026-07-05T07:00Z,no2,5.6
2026-07-05T07:00Z,so2,25.9
2026-07-05T07:00Z,o3,223.0
2026-07-05T08:00Z,pm10,54.2
2026-07-05T08:00Z,pm25,34.9
2026-07-05T08:00Z,co,419.0
2026-07-05T08:00Z,no2,5.2
2026-07-05T08:00Z,so2,23.2
2026-07-05T08:00Z,o3,225.0
2026-07-05T09:00Z,pm10,53.2
2026-07-05T09:00Z,pm25,34.8
2026-07-05T09:00Z,co,418.0
2026-07-05T09:00Z,no2,5.5
2026-07-05T09:00Z,so2,21.5
2026-07-05T09:00Z,o3,224.0
2026-07-05T10:00Z,pm10,57.5
2026-07-05T10:00Z,pm25,36.2
2026-07-05T10:00Z,co,421.0
2026-07-05T10:00Z,no2,6.0
2026-07-05T10:00Z,so2,21.4
2026-07-05T10:00Z,o3,226.0
2026-07-05T11:00Z,pm10,56.0
2026-07-05T11:00Z,pm25,36.4
2026-07-05T11:00Z,co,435.0
2026-07-05T11:00Z,no2,7.2
2026-07-05T11:00Z,so2,22.3
2026-07-05T11:00Z,o3,226.0
2026-07-05T12:00Z,pm10,80.8
2026-07-05T12:00Z,pm25,40.4
2026-07-05T12:00Z,co,461.0
2026-07-05T12:00Z,no2,11.3
2026-07-05T12:00Z,so2,24.9
2026-07-05T12:00Z,o3,195.0
2026-07-05T13:00Z,pm10,87.8
2026-07-05T13:00Z,pm25,48.2
2026-07-05T13:00Z,co,505.0
2026-07-05T13:00Z,no2,21.0
2026-07-05T13:00Z,so2,27.5
2026-07-05T13:00Z,o3,164.0
2026-07-05T14:00Z,pm10,95.2
2026-07-05T14:00Z,pm25,56.7
2026-07-05T14:00Z,co,563.0
2026-07-05T14:00Z,no2,34.3
2026-07-05T14:00Z,so2,31.0
2026-07-05T14:00Z,o3,120.0
2026-07-05T15:00Z,pm10,103.8
2026-07-05T15:00Z,pm25,66.6
2026-07-05T15:00Z,co,621.0
2026-07-05T15:00Z,no2,43.9
2026-07-05T15:00Z,so2,33.2
2026-07-05T15:00Z,o3,85.0
2026-07-05T16:00Z,pm10,109.2
2026-07-05T16:00Z,pm25,74.7
2026-07-05T16:00Z,co,693.0
2026-07-05T16:00Z,no2,46.7
2026-07-05T16:00Z,so2,33.3
2026-07-05T16:00Z,o3,67.0
2026-07-05T17:00Z,pm10,113.2
2026-07-05T17:00Z,pm25,76.4
2026-07-05T17:00Z,co,766.0
2026-07-05T17:00Z,no2,45.7
2026-07-05T17:00Z,so2,32.1
2026-07-05T17:00Z,o3,59.0
2026-07-05T18:00Z,pm10,140.2
2026-07-05T18:00Z,pm25,72.4
2026-07-05T18:00Z,co,791.0
2026-07-05T18:00Z,no2,42.8
2026-07-05T18:00Z,so2,30.3
2026-07-05T18:00Z,o3,55.0
2026-07-05T19:00Z,pm10,86.4
2026-07-05T19:00Z,pm25,57.3
2026-07-05T19:00Z,co,729.0
2026-07-05T19:00Z,no2,37.6
2026-07-05T19:00Z,so2,27.7
2026-07-05T19:00Z,o3,57.0
2026-07-05T20:00Z,pm10,75.0
2026-07-05T20:00Z,pm25,52.6
2026-07-05T20:00Z,co,620.0
2026-07-05T20:00Z,no2,30.5
2026-07-05T20:00Z,so2,24.4
2026-07-05T20:00Z,o3,63.0
2026-07-05T21:00Z,pm10,63.3
2026-07-05T21:00Z,pm25,48.5
2026-07-05T21:00Z,co,532.0
2026-07-05T21:00Z,no2,24.5
2026-07-05T21:00Z,so2,21.5
2026-07-05T21:00Z,o3,70.0
2026-07-05T22:00Z,pm10,49.9
2026-07-05T22:00Z,pm25,42.7
2026-07-05T22:00Z,co,483.0
2026-07-05T22:00Z,no2,20.2
2026-07-05T22:00Z,so2,18.9
2026-07-05T22:00Z,o3,77.0
2026-07-05T23:00Z,pm10,42.4
2026-07-05T23:00Z,pm25,38.9
2026-07-05T23:00Z,co,455.0
2026-07-05T23:00Z,no2,17.0
2026-07-05T23:00Z,so2,16.6
2026-07-05T23:00Z,o3,84.0
2026-07-06T00:00Z,pm10,26.5
2026-07-06T00:00Z,pm25,26.5
2026-07-06T00:00Z,co,461.0
2026-07-06T00:00Z,no2,17.3
2026-07-06T00:00Z,so2,15.3
2026-07-06T00:00Z,o3,85.0
2026-07-06T01:00Z,pm10,25.6
2026-07-06T01:00Z,pm25,25.6
2026-07-06T01:00Z,co,532.0
2026-07-06T01:00Z,no2,19.3
2026-07-06T01:00Z,so2,17.1
2026-07-06T01:00Z,o3,83.0
2026-07-06T02:00Z,pm10,25.1
2026-07-06T02:00Z,pm25,24.5
2026-07-06T02:00Z,co,636.0
2026-07-06T02:00Z,no2,21.9
2026-07-06T02:00Z,so2,19.8
2026-07-06T02:00Z,o3,81.0
2026-07-06T03:00Z,pm10,23.4
2026-07-06T03:00Z,pm25,21.8
2026-07-06T03:00Z,co,693.0
2026-07-06T03:00Z,no2,23.2
2026-07-06T03:00Z,so2,22.5
2026-07-06T03:00Z,o3,86.0
2026-07-06T04:00Z,pm10,23.9
2026-07-06T04:00Z,pm25,22.0
2026-07-06T04:00Z,co,654.0
2026-07-06T04:00Z,no2,22.0
2026-07-06T04:00Z,so2,25.5
2026-07-06T04:00Z,o3,100.0
2026-07-06T05:00Z,pm10,24.7
2026-07-06T05:00Z,pm25,22.9
2026-07-06T05:00Z,co,567.0
2026-07-06T05:00Z,no2,19.3
2026-07-06T05:00Z,so2,28.5
2026-07-06T05:00Z,o3,121.0
2026-07-06T06:00Z,pm10,25.6
2026-07-06T06:00Z,pm25,23.8
2026-07-06T06:00Z,co,497.0
2026-07-06T06:00Z,no2,16.6
2026-07-06T06:00Z,so2,30.3
2026-07-06T06:00Z,o3,143.0
2026-07-06T07:00Z,pm10,27.0
2026-07-06T07:00Z,pm25,25.4
2026-07-06T07:00Z,co,464.0
2026-07-06T07:00Z,no2,13.6
2026-07-06T07:00Z,so2,29.8
2026-07-06T07:00Z,o3,168.0
2026-07-06T08:00Z,pm10,28.2
2026-07-06T08:00Z,pm25,26.8
2026-07-06T08:00Z,co,447.0
2026-07-06T08:00Z,no2,10.6
2026-07-06T08:00Z,so2,28.1
2026-07-06T08:00Z,o3,195.0
2026-07-06T09:00Z,pm10,31.3
2026-07-06T09:00Z,pm25,29.4
2026-07-06T09:00Z,co,448.0
2026-07-06T09:00Z,no2,9.0
2026-07-06T09:00Z,so2,27.2
2026-07-06T09:00Z,o3,215.0
2026-07-06T10:00Z,pm10,33.2
2026-07-06T10:00Z,pm25,31.5
2026-07-06T10:00Z,co,463.0
2026-07-06T10:00Z,no2,8.0
2026-07-06T10:00Z,so2,27.5
2026-07-06T10:00Z,o3,230.0
2026-07-06T11:00Z,pm10,34.6
2026-07-06T11:00Z,pm25,33.1
2026-07-06T11:00Z,co,495.0
2026-07-06T11:00Z,no2,8.5
2026-07-06T11:00Z,so2,28.6
2026-07-06T11:00Z,o3,239.0
2026-07-06T12:00Z,pm10,42.4
2026-07-06T12:00Z,pm25,33.1
2026-07-06T12:00Z,co,557.0
2026-07-06T12:00Z,no2,13.0
2026-07-06T12:00Z,so2,22.8
2026-07-06T12:00Z,o3,201.0
2026-07-06T13:00Z,pm10,46.7
2026-07-06T13:00Z,pm25,37.7
2026-07-06T13:00Z,co,671.0
2026-07-06T13:00Z,no2,30.5
2026-07-06T13:00Z,so2,26.4
2026-07-06T13:00Z,o3,160.0
2026-07-06T14:00Z,pm10,60.1
2026-07-06T14:00Z,pm25,52.0
2026-07-06T14:00Z,co,815.0
2026-07-06T14:00Z,no2,54.6
2026-07-06T14:00Z,so2,31.4
2026-07-06T14:00Z,o3,104.0
2026-07-06T15:00Z,pm10,69.4
2026-07-06T15:00Z,pm25,61.7
2026-07-06T15:00Z,co,929.0
2026-07-06T15:00Z,no2,72.5
2026-07-06T15:00Z,so2,35.2
2026-07-06T15:00Z,o3,59.0
2026-07-06T16:00Z,pm10,71.9
2026-07-06T16:00Z,pm25,63.8
2026-07-06T16:00Z,co,999.0
2026-07-06T16:00Z,no2,78.3
2026-07-06T16:00Z,so2,36.8
2026-07-06T16:00Z,o3,39.0
2026-07-06T17:00Z,pm10,74.7
2026-07-06T17:00Z,pm25,66.1
2026-07-06T17:00Z,co,1040.0
2026-07-06T17:00Z,no2,77.9
2026-07-06T17:00Z,so2,37.3
2026-07-06T17:00Z,o3,30.0
2026-07-06T18:00Z,pm10,75.9
2026-07-06T18:00Z,pm25,67.5
2026-07-06T18:00Z,co,1036.0
2026-07-06T18:00Z,no2,76.1
2026-07-06T18:00Z,so2,36.8
2026-07-06T18:00Z,o3,25.0
2026-07-06T19:00Z,pm10,74.7
2026-07-06T19:00Z,pm25,67.1
2026-07-06T19:00Z,co,973.0
2026-07-06T19:00Z,no2,73.9
2026-07-06T19:00Z,so2,35.0
2026-07-06T19:00Z,o3,21.0
2026-07-06T20:00Z,pm10,73.6
2026-07-06T20:00Z,pm25,66.1
2026-07-06T20:00Z,co,865.0
2026-07-06T20:00Z,no2,70.4
2026-07-06T20:00Z,so2,32.3
2026-07-06T20:00Z,o3,20.0
2026-07-06T21:00Z,pm10,72.9
2026-07-06T21:00Z,pm25,65.2
2026-07-06T21:00Z,co,742.0
2026-07-06T21:00Z,no2,67.2
2026-07-06T21:00Z,so2,30.2
2026-07-06T21:00Z,o3,19.0
2026-07-06T22:00Z,pm10,71.9
2026-07-06T22:00Z,pm25,64.3
2026-07-06T22:00Z,co,578.0
2026-07-06T22:00Z,no2,65.6
2026-07-06T22:00Z,so2,29.1
2026-07-06T22:00Z,o3,14.0
2026-07-06T23:00Z,pm10,72.9
2026-07-06T23:00Z,pm25,65.0
2026-07-06T23:00Z,co,400.0
2026-07-06T23:00Z,no2,64.5
2026-07-06T23:00Z,so2,28.6
2026-07-06T23:00Z,o3,10.0
2026-07-07T00:00Z,pm10,77.8
2026-07-07T00:00Z,pm25,49.0
2026-07-07T00:00Z,co,314.0
2026-07-07T00:00Z,no2,37.3
2026-07-07T00:00Z,so2,24.3
2026-07-07T00:00Z,o3,34.0
2026-07-07T01:00Z,pm10,74.3
2026-07-07T01:00Z,pm25,49.0
2026-07-07T01:00Z,co,414.0
2026-07-07T01:00Z,no2,37.9
2026-07-07T01:00Z,so2,23.8
2026-07-07T01:00Z,o3,37.0
2026-07-07T02:00Z,pm10,68.0
2026-07-07T02:00Z,pm25,41.2
2026-07-07T02:00Z,co,607.0
2026-07-07T02:00Z,no2,38.4
2026-07-07T02:00Z,so2,23.3
2026-07-07T02:00Z,o3,42.0
2026-07-07T03:00Z,pm10,70.8
2026-07-07T03:00Z,pm25,43.2
2026-07-07T03:00Z,co,724.0
2026-07-07T03:00Z,no2,37.3
2026-07-07T03:00Z,so2,24.2
2026-07-07T03:00Z,o3,56.0
2026-07-07T04:00Z,pm10,75.0
2026-07-07T04:00Z,pm25,45.5
2026-07-07T04:00Z,co,674.0
2026-07-07T04:00Z,no2,33.3
2026-07-07T04:00Z,so2,27.8
2026-07-07T04:00Z,o3,84.0
2026-07-07T05:00Z,pm10,72.9
2026-07-07T05:00Z,pm25,45.4
2026-07-07T05:00Z,co,547.0
2026-07-07T05:00Z,no2,27.5
2026-07-07T05:00Z,so2,32.9
2026-07-07T05:00Z,o3,121.0
2026-07-07T06:00Z,pm10,63.6
2026-07-07T06:00Z,pm25,42.5
2026-07-07T06:00Z,co,443.0
2026-07-07T06:00Z,no2,22.2
2026-07-07T06:00Z,so2,36.7
2026-07-07T06:00Z,o3,157.0
2026-07-07T07:00Z,pm10,57.9
2026-07-07T07:00Z,pm25,41.9
2026-07-07T07:00Z,co,393.0
2026-07-07T07:00Z,no2,17.5
2026-07-07T07:00Z,so2,38.2
2026-07-07T07:00Z,o3,190.0
2026-07-07T08:00Z,pm10,57.2
2026-07-07T08:00Z,pm25,43.7
2026-07-07T08:00Z,co,367.0
2026-07-07T08:00Z,no2,13.1
2026-07-07T08:00Z,so2,38.6
2026-07-07T08:00Z,o3,222.0
2026-07-07T09:00Z,pm10,58.9
2026-07-07T09:00Z,pm25,46.6
2026-07-07T09:00Z,co,373.0
2026-07-07T09:00Z,no2,10.7
2026-07-07T09:00Z,so2,38.6
2026-07-07T09:00Z,o3,244.0
2026-07-07T10:00Z,pm10,59.5
2026-07-07T10:00Z,pm25,48.7
2026-07-07T10:00Z,co,423.0
2026-07-07T10:00Z,no2,9.3
2026-07-07T10:00Z,so2,37.8
2026-07-07T10:00Z,o3,255.0
2026-07-07T11:00Z,pm10,56.8
2026-07-07T11:00Z,pm25,47.8
2026-07-07T11:00Z,co,506.0
2026-07-07T11:00Z,no2,9.8
2026-07-07T11:00Z,so2,36.7
2026-07-07T11:00Z,o3,255.0
2026-07-07T12:00Z,pm10,92.0
2026-07-07T12:00Z,pm25,46.9
2026-07-07T12:00Z,co,593.0
2026-07-07T12:00Z,no2,35.4
2026-07-07T12:00Z,so2,33.0
2026-07-07T12:00Z,o3,101.0
2026-07-07T13:00Z,pm10,60.3
2026-07-07T13:00Z,pm25,41.3
2026-07-07T13:00Z,co,686.0
2026-07-07T13:00Z,no2,38.3
2026-07-07T13:00Z,so2,31.0
2026-07-07T13:00Z,o3,88.0
2026-07-07T14:00Z,pm10,52.2
2026-07-07T14:00Z,pm25,41.1
2026-07-07T14:00Z,co,784.0
2026-07-07T14:00Z,no2,42.6
2026-07-07T14:00Z,so2,28.3
2026-07-07T14:00Z,o3,70.0
2026-07-07T15:00Z,pm10,49.5
2026-07-07T15:00Z,pm25,43.5
2026-07-07T15:00Z,co,855.0
2026-07-07T15:00Z,no2,47.6
2026-07-07T15:00Z,so2,27.2
2026-07-07T15:00Z,o3,53.0
2026-07-07T16:00Z,pm10,52.4
2026-07-07T16:00Z,pm25,50.4
2026-07-07T16:00Z,co,894.0
2026-07-07T16:00Z,no2,55.0
2026-07-07T16:00Z,so2,29.5
2026-07-07T16:00Z,o3,39.0
2026-07-07T17:00Z,pm10,58.6
2026-07-07T17:00Z,pm25,58.4
2026-07-07T17:00Z,co,907.0
2026-07-07T17:00Z,no2,63.1
2026-07-07T17:00Z,so2,33.3
2026-07-07T17:00Z,o3,27.0
2026-07-07T18:00Z,pm10,60.1
2026-07-07T18:00Z,pm25,60.1
2026-07-07T18:00Z,co,879.0
2026-07-07T18:00Z,no2,66.8
2026-07-07T18:00Z,so2,35.3
2026-07-07T18:00Z,o3,21.0
2026-07-07T19:00Z,pm10,60.8
2026-07-07T19:00Z,pm25,58.8
2026-07-07T19:00Z,co,786.0
2026-07-07T19:00Z,no2,63.0
2026-07-07T19:00Z,so2,33.8
2026-07-07T19:00Z,o3,22.0
2026-07-07T20:00Z,pm10,62.4
2026-07-07T20:00Z,pm25,57.2
2026-07-07T20:00Z,co,651.0
2026-07-07T20:00Z,no2,54.8
2026-07-07T20:00Z,so2,30.6
2026-07-07T20:00Z,o3,29.0
2026-07-07T21:00Z,pm10,62.4
2026-07-07T21:00Z,pm25,52.5
2026-07-07T21:00Z,co,537.0
2026-07-07T21:00Z,no2,46.0
2026-07-07T21:00Z,so2,26.8
2026-07-07T21:00Z,o3,38.0
2026-07-07T22:00Z,pm10,62.6
2026-07-07T22:00Z,pm25,48.3
2026-07-07T22:00Z,co,460.0
2026-07-07T22:00Z,no2,36.8
2026-07-07T22:00Z,so2,22.4
2026-07-07T22:00Z,o3,49.0
2026-07-07T23:00Z,pm10,43.0
2026-07-07T23:00Z,pm25,39.5
2026-07-07T23:00Z,co,402.0
2026-07-07T23:00Z,no2,27.1
2026-07-07T23:00Z,so2,17.5
2026-07-07T23:00Z,o3,62.0
2026-07-08T00:00Z,pm10,49.6
2026-07-08T00:00Z,pm25,49.4
2026-07-08T00:00Z,co,373.0
2026-07-08T00:00Z,no2,35.4
2026-07-08T00:00Z,so2,29.7
2026-07-08T00:00Z,o3,48.0
2026-07-08T01:00Z,pm10,46.3
2026-07-08T01:00Z,pm25,46.1
2026-07-08T01:00Z,co,391.0
2026-07-08T01:00Z,no2,36.9
2026-07-08T01:00Z,so2,26.7
2026-07-08T01:00Z,o3,49.0
2026-07-08T02:00Z,pm10,46.8
2026-07-08T02:00Z,pm25,46.6
2026-07-08T02:00Z,co,437.0
2026-07-08T02:00Z,no2,38.9
2026-07-08T02:00Z,so2,22.5
2026-07-08T02:00Z,o3,51.0
2026-07-08T03:00Z,pm10,39.5
2026-07-08T03:00Z,pm25,39.2
2026-07-08T03:00Z,co,462.0
2026-07-08T03:00Z,no2,39.3
2026-07-08T03:00Z,so2,19.7
2026-07-08T03:00Z,o3,55.0
2026-07-08T04:00Z,pm10,35.0
2026-07-08T04:00Z,pm25,34.8
2026-07-08T04:00Z,co,439.0
2026-07-08T04:00Z,no2,37.1
2026-07-08T04:00Z,so2,19.4
2026-07-08T04:00Z,o3,59.0
2026-07-08T05:00Z,pm10,27.9
2026-07-08T05:00Z,pm25,27.6
2026-07-08T05:00Z,co,395.0
2026-07-08T05:00Z,no2,33.2
2026-07-08T05:00Z,so2,20.3
2026-07-08T05:00Z,o3,64.0
2026-07-08T06:00Z,pm10,26.2
2026-07-08T06:00Z,pm25,25.9
2026-07-08T06:00Z,co,368.0
2026-07-08T06:00Z,no2,28.8
2026-07-08T06:00Z,so2,21.5
2026-07-08T06:00Z,o3,77.0
2026-07-08T07:00Z,pm10,25.6
2026-07-08T07:00Z,pm25,25.3
2026-07-08T07:00Z,co,376.0
2026-07-08T07:00Z,no2,23.0
2026-07-08T07:00Z,so2,22.9
2026-07-08T07:00Z,o3,105.0
2026-07-08T08:00Z,pm10,27.1
2026-07-08T08:00Z,pm25,26.5
2026-07-08T08:00Z,co,401.0
2026-07-08T08:00Z,no2,16.5
2026-07-08T08:00Z,so2,24.5
2026-07-08T08:00Z,o3,141.0
2026-07-08T09:00Z,pm10,30.0
2026-07-08T09:00Z,pm25,29.3
2026-07-08T09:00Z,co,421.0
2026-07-08T09:00Z,no2,12.7
2026-07-08T09:00Z,so2,25.2
2026-07-08T09:00Z,o3,163.0
2026-07-08T10:00Z,pm10,31.2
2026-07-08T10:00Z,pm25,30.3
2026-07-08T10:00Z,co,421.0
2026-07-08T10:00Z,no2,12.6
2026-07-08T10:00Z,so2,24.1
2026-07-08T10:00Z,o3,163.0
2026-07-08T11:00Z,pm10,30.5
2026-07-08T11:00Z,pm25,29.5
2026-07-08T11:00Z,co,416.0
2026-07-08T11:00Z,no2,15.1
2026-07-08T11:00Z,so2,22.1
2026-07-08T11:00Z,o3,151.0
2026-07-08T12:00Z,pm10,42.4
2026-07-08T12:00Z,pm25,41.7
2026-07-08T12:00Z,co,435.0
2026-07-08T12:00Z,no2,39.9
2026-07-08T12:00Z,so2,21.8
2026-07-08T12:00Z,o3,71.0
2026-07-08T13:00Z,pm10,40.0
2026-07-08T13:00Z,pm25,39.3
2026-07-08T13:00Z,co,508.0
2026-07-08T13:00Z,no2,40.5
2026-07-08T13:00Z,so2,20.3
2026-07-08T13:00Z,o3,64.0
2026-07-08T14:00Z,pm10,39.1
2026-07-08T14:00Z,pm25,38.5
2026-07-08T14:00Z,co,604.0
2026-07-08T14:00Z,no2,41.2
2026-07-08T14:00Z,so2,18.1
2026-07-08T14:00Z,o3,53.0
2026-07-08T15:00Z,pm10,39.0
2026-07-08T15:00Z,pm25,38.4
2026-07-08T15:00Z,co,656.0
2026-07-08T15:00Z,no2,40.4
2026-07-08T15:00Z,so2,15.9
2026-07-08T15:00Z,o3,47.0
2026-07-08T16:00Z,pm10,36.7
2026-07-08T16:00Z,pm25,36.3
2026-07-08T16:00Z,co,629.0
2026-07-08T16:00Z,no2,37.0
2026-07-08T16:00Z,so2,13.8
2026-07-08T16:00Z,o3,47.0
2026-07-08T17:00Z,pm10,32.2
2026-07-08T17:00Z,pm25,32.0
2026-07-08T17:00Z,co,558.0
2026-07-08T17:00Z,no2,32.2
2026-07-08T17:00Z,so2,11.8
2026-07-08T17:00Z,o3,51.0
2026-07-08T18:00Z,pm10,25.1
2026-07-08T18:00Z,pm25,25.0
2026-07-08T18:00Z,co,485.0
2026-07-08T18:00Z,no2,27.7
2026-07-08T18:00Z,so2,10.1
2026-07-08T18:00Z,o3,56.0
2026-07-08T19:00Z,pm10,21.1
2026-07-08T19:00Z,pm25,21.0
2026-07-08T19:00Z,co,415.0
2026-07-08T19:00Z,no2,23.9
2026-07-08T19:00Z,so2,9.0
2026-07-08T19:00Z,o3,60.0
2026-07-08T20:00Z,pm10,19.7
2026-07-08T20:00Z,pm25,19.6
2026-07-08T20:00Z,co,342.0
2026-07-08T20:00Z,no2,20.4
2026-07-08T20:00Z,so2,8.3
2026-07-08T20:00Z,o3,65.0
2026-07-08T21:00Z,pm10,18.0
2026-07-08T21:00Z,pm25,18.0
2026-07-08T21:00Z,co,291.0
2026-07-08T21:00Z,no2,17.7
2026-07-08T21:00Z,so2,7.6
2026-07-08T21:00Z,o3,69.0
2026-07-08T22:00Z,pm10,16.7
2026-07-08T22:00Z,pm25,16.6
2026-07-08T22:00Z,co,275.0
2026-07-08T22:00Z,no2,15.6
2026-07-08T22:00Z,so2,6.6
2026-07-08T22:00Z,o3,72.0
2026-07-08T23:00Z,pm10,16.0
2026-07-08T23:00Z,pm25,16.0
2026-07-08T23:00Z,co,280.0
2026-07-08T23:00Z,no2,14.2
2026-07-08T23:00Z,so2,5.6
2026-07-08T23:00Z,o3,75.0
2026-07-09T00:00Z,pm10,26.5
2026-07-09T00:00Z,pm25,25.8
2026-07-09T00:00Z,co,293.0
2026-07-09T00:00Z,no2,26.9
2026-07-09T00:00Z,so2,14.5
2026-07-09T00:00Z,o3,45.0
2026-07-09T01:00Z,pm10,24.0
2026-07-09T01:00Z,pm25,23.2
2026-07-09T01:00Z,co,309.0
2026-07-09T01:00Z,no2,26.9
2026-07-09T01:00Z,so2,15.6
2026-07-09T01:00Z,o3,51.0
2026-07-09T02:00Z,pm10,24.3
2026-07-09T02:00Z,pm25,23.1
2026-07-09T02:00Z,co,333.0
2026-07-09T02:00Z,no2,26.8
2026-07-09T02:00Z,so2,17.0
2026-07-09T02:00Z,o3,60.0
2026-07-09T03:00Z,pm10,27.5
2026-07-09T03:00Z,pm25,26.3
2026-07-09T03:00Z,co,364.0
2026-07-09T03:00Z,no2,25.6
2026-07-09T03:00Z,so2,18.1
2026-07-09T03:00Z,o3,71.0
2026-07-09T04:00Z,pm10,27.5
2026-07-09T04:00Z,pm25,26.3
2026-07-09T04:00Z,co,411.0
2026-07-09T04:00Z,no2,22.5
2026-07-09T04:00Z,so2,18.5
2026-07-09T04:00Z,o3,83.0
2026-07-09T05:00Z,pm10,41.1
2026-07-09T05:00Z,pm25,29.3
2026-07-09T05:00Z,co,464.0
2026-07-09T05:00Z,no2,18.4
2026-07-09T05:00Z,so2,18.5
2026-07-09T05:00Z,o3,97.0
2026-07-09T06:00Z,pm10,56.0
2026-07-09T06:00Z,pm25,29.2
2026-07-09T06:00Z,co,498.0
2026-07-09T06:00Z,no2,14.7
2026-07-09T06:00Z,so2,17.9
2026-07-09T06:00Z,o3,109.0
2026-07-09T07:00Z,pm10,84.3
2026-07-09T07:00Z,pm25,32.1
2026-07-09T07:00Z,co,491.0
2026-07-09T07:00Z,no2,11.4
2026-07-09T07:00Z,so2,16.2
2026-07-09T07:00Z,o3,121.0
2026-07-09T08:00Z,pm10,74.3
2026-07-09T08:00Z,pm25,27.4
2026-07-09T08:00Z,co,465.0
2026-07-09T08:00Z,no2,8.5
2026-07-09T08:00Z,so2,13.8
2026-07-09T08:00Z,o3,132.0
2026-07-09T09:00Z,pm10,60.1
2026-07-09T09:00Z,pm25,26.2
2026-07-09T09:00Z,co,451.0
2026-07-09T09:00Z,no2,7.7
2026-07-09T09:00Z,so2,12.4
2026-07-09T09:00Z,o3,137.0
2026-07-09T10:00Z,pm10,41.3
2026-07-09T10:00Z,pm25,24.1
2026-07-09T10:00Z,co,464.0
2026-07-09T10:00Z,no2,8.7
2026-07-09T10:00Z,so2,12.4
2026-07-09T10:00Z,o3,134.0
2026-07-09T11:00Z,pm10,47.8
2026-07-09T11:00Z,pm25,23.0
2026-07-09T11:00Z,co,491.0
2026-07-09T11:00Z,no2,11.6
2026-07-09T11:00Z,so2,13.2
2026-07-09T11:00Z,o3,126.0
2026-07-09T12:00Z,pm10,49.9
2026-07-09T12:00Z,pm25,35.9
2026-07-09T12:00Z,co,523.0
2026-07-09T12:00Z,no2,23.8
2026-07-09T12:00Z,so2,18.3
2026-07-09T12:00Z,o3,95.0
2026-07-09T13:00Z,pm10,55.2
2026-07-09T13:00Z,pm25,40.5
2026-07-09T13:00Z,co,566.0
2026-07-09T13:00Z,no2,38.6
2026-07-09T13:00Z,so2,22.7
2026-07-09T13:00Z,o3,72.0
2026-07-09T14:00Z,pm10,64.7
2026-07-09T14:00Z,pm25,54.4
2026-07-09T14:00Z,co,614.0
2026-07-09T14:00Z,no2,59.0
2026-07-09T14:00Z,so2,28.9
2026-07-09T14:00Z,o3,41.0
2026-07-09T15:00Z,pm10,75.4
2026-07-09T15:00Z,pm25,68.5
2026-07-09T15:00Z,co,649.0
2026-07-09T15:00Z,no2,74.2
2026-07-09T15:00Z,so2,34.1
2026-07-09T15:00Z,o3,17.0
2026-07-09T16:00Z,pm10,77.1
2026-07-09T16:00Z,pm25,72.2
2026-07-09T16:00Z,co,663.0
2026-07-09T16:00Z,no2,79.4
2026-07-09T16:00Z,so2,37.5
2026-07-09T16:00Z,o3,7.0
2026-07-09T17:00Z,pm10,82.0
2026-07-09T17:00Z,pm25,78.5
2026-07-09T17:00Z,co,663.0
2026-07-09T17:00Z,no2,79.4
2026-07-09T17:00Z,so2,39.9
2026-07-09T17:00Z,o3,4.0
2026-07-09T18:00Z,pm10,83.1
2026-07-09T18:00Z,pm25,80.3
2026-07-09T18:00Z,co,652.0
2026-07-09T18:00Z,no2,78.4
2026-07-09T18:00Z,so2,40.9
2026-07-09T18:00Z,o3,3.0
2026-07-09T19:00Z,pm10,85.2
2026-07-09T19:00Z,pm25,83.4
2026-07-09T19:00Z,co,627.0
2026-07-09T19:00Z,no2,77.5
2026-07-09T19:00Z,so2,39.7
2026-07-09T19:00Z,o3,1.0
2026-07-09T20:00Z,pm10,85.9
2026-07-09T20:00Z,pm25,82.0
2026-07-09T20:00Z,co,590.0
2026-07-09T20:00Z,no2,75.5
2026-07-09T20:00Z,so2,37.1
2026-07-09T20:00Z,o3,1.0
2026-07-09T21:00Z,pm10,87.1
2026-07-09T21:00Z,pm25,78.2
2026-07-09T21:00Z,co,549.0
2026-07-09T21:00Z,no2,73.7
2026-07-09T21:00Z,so2,35.2
2026-07-09T21:00Z,o3,1.0
2026-07-09T22:00Z,pm10,85.7
2026-07-09T22:00Z,pm25,77.8
2026-07-09T22:00Z,co,496.0
2026-07-09T22:00Z,no2,73.0
2026-07-09T22:00Z,so2,34.6
2026-07-09T22:00Z,o3,0.0
2026-07-09T23:00Z,pm10,89.2
2026-07-09T23:00Z,pm25,81.3
2026-07-09T23:00Z,co,438.0
2026-07-09T23:00Z,no2,72.4
2026-07-09T23:00Z,so2,34.6
2026-07-09T23:00Z,o3,0.0
